id,game_id,team_id,score,seed
1,1,1,13,3
2,1,2,10,9
3,2,3,15,5
4,2,4,3,15
5,3,5,15,2
6,3,6,2,12
7,4,7,11,8
8,4,8,10,14
9,5,9,9,19
10,5,10,6,25
11,6,11,8,17
12,6,12,9,21
13,7,13,9,18
14,7,14,11,22
15,8,5,14,2
16,8,3,8,5
17,9,15,15,20
18,9,16,4,24
19,10,1,11,3
20,10,7,8,8
21,11,2,11,9
22,11,8,8,14
23,12,6,11,12
24,12,4,6,15
25,13,12,11,21
26,13,10,6,25
27,14,9,14,19
28,14,17,4,23
29,15,18,12,4
30,15,19,9,10
31,16,20,13,7
32,16,21,11,13
33,17,22,15,1
34,17,23,6,11
35,18,24,15,6
36,18,25,2,16
37,19,11,15,17
38,19,17,1,23
39,20,13,5,18
40,20,16,15,24
41,21,9,10,19
42,21,12,7,21
43,22,11,12,17
44,22,10,4,25
45,23,3,15,5
46,23,6,3,12
47,24,5,15,2
48,24,4,4,15
49,25,7,9,8
50,25,2,12,9
51,26,1,15,3
52,26,8,4,14
53,27,15,11,20
54,27,14,4,22
55,28,12,15,21
56,28,17,3,23
57,29,24,15,6
58,29,23,9,11
59,30,20,8,7
60,30,19,15,10
61,31,22,15,1
62,31,25,1,16
63,32,18,13,4
64,32,21,7,13
65,33,13,5,18
66,33,15,15,20
67,34,14,6,22
68,34,16,11,24
69,35,17,5,23
70,35,10,9,25
71,36,11,12,17
72,36,9,6,19
73,37,23,15,11
74,37,25,2,16
75,38,22,13,1
76,38,24,10,6
77,39,18,12,4
78,39,20,9,7
79,40,19,10,10
80,40,21,11,13
81,41,14,12,22
82,41,17,7,25
83,42,4,7,15
84,42,21,13,10
85,43,23,7,11
86,43,8,8,14
87,44,20,15,13
88,44,6,5,12
89,45,9,11,21
90,45,13,9,24
91,46,7,15,9
92,46,25,9,16
93,47,22,15,1
94,47,2,7,8
95,48,15,12,18
96,48,12,9,19
97,49,3,10,5
98,49,18,13,4
99,50,11,15,17
100,50,16,9,20
101,51,1,12,3
102,51,24,10,6
103,52,7,9,9
104,52,20,12,12
105,53,19,8,7
106,53,5,12,2
107,54,8,11,11
108,54,21,10,10
109,55,9,14,21
110,55,14,8,22
111,56,1,11,3
112,56,5,9,2
113,57,10,7,23
114,57,13,9,24
115,58,22,12,1
116,58,18,10,4
117,59,4,8,15
118,59,23,15,14
119,60,6,13,13
120,60,25,9,16
121,61,14,13,22
122,61,10,10,23
123,62,20,15,9
124,62,8,10,10
125,63,11,8,17
126,63,15,15,18
127,64,13,11,24
128,64,17,10,25
129,65,19,11,7
130,65,24,10,6
131,66,21,10,11
132,66,7,11,12
133,67,3,11,5
134,67,2,9,8
135,68,12,15,19
136,68,16,9,20
137,69,6,7,13
138,69,23,14,14
139,70,3,9,5
140,70,19,12,6
141,71,4,12,15
142,71,25,11,16
143,72,22,15,1
144,72,1,5,2
145,73,5,9,3
146,73,18,15,4
147,74,24,11,7
148,74,2,9,8
149,75,1,15,1
150,75,26,3,9
151,76,27,15,3
152,76,28,0,8
153,77,29,15,2
154,77,30,2,10
155,78,31,12,6
156,78,32,5,11
157,79,29,13,2
158,79,25,5,5
159,80,4,13,4
160,80,33,11,7
161,81,1,15,1
162,81,28,0,8
163,82,27,14,3
164,82,32,8,11
165,83,31,14,6
166,83,26,5,9
167,84,29,15,2
168,84,4,5,4
169,85,25,10,5
170,85,30,5,10
171,86,28,0,8
172,86,26,15,9
173,87,25,4,5
174,87,33,12,7
175,88,4,14,4
176,88,30,5,10
177,89,1,15,1
178,89,32,4,11
179,90,27,10,3
180,90,31,15,6
181,91,29,13,2
182,91,33,7,7
183,92,26,13,9
184,92,32,14,11
185,93,31,15,6
186,93,28,0,8
187,94,1,15,1
188,94,27,7,3
189,95,1,8,1
190,95,31,12,6
191,96,4,12,4
192,96,25,9,5
193,97,33,15,7
194,97,30,3,10
195,98,27,15,3
196,98,26,4,9
197,99,28,4,8
198,99,32,15,11
199,100,31,15,1
200,100,4,8,4
201,101,1,12,3
202,101,29,10,2
203,102,26,12,9
204,102,30,6,10
205,103,33,11,5
206,103,32,6,8
207,104,27,15,6
208,104,25,8,7
209,105,29,13,3
210,105,4,7,4
211,106,33,7,5
212,106,27,15,6
213,107,30,11,10
214,107,28,5,11
215,108,25,10,7
216,108,32,12,8
217,109,31,14,1
218,109,1,7,2
219,110,34,15,1
220,110,35,10,12
221,111,36,15,2
222,111,37,0,11
223,112,38,10,3
224,112,39,13,10
225,113,40,13,4
226,113,41,10,9
227,114,40,8,4
228,114,42,14,6
229,115,34,14,1
230,115,43,5,7
231,116,36,15,2
232,116,44,1,8
233,117,38,13,3
234,117,45,11,5
235,118,45,10,5
236,118,39,12,10
237,119,43,11,7
238,119,35,12,12
239,120,44,15,8
240,120,37,5,11
241,121,42,3,6
242,121,41,14,9
243,122,41,7,4
244,122,36,15,2
245,123,35,14,7
246,123,45,11,10
247,124,40,15,6
248,124,37,2,11
249,125,43,9,12
250,125,38,15,5
251,126,42,14,9
252,126,44,11,8
253,127,34,9,1
254,127,39,11,3
255,128,40,13,6
256,128,34,10,3
257,129,41,9,4
258,129,38,11,5
259,130,35,7,7
260,130,36,15,2
261,131,39,13,1
262,131,42,8,8
263,132,44,12,9
264,132,37,6,11
265,133,45,8,10
266,133,43,15,12
267,134,34,15,6
268,134,35,5,7
269,135,41,11,5
270,135,42,6,8
271,136,44,8,9
272,136,43,10,12
273,137,40,4,3
274,137,36,15,2
275,138,45,12,10
276,138,37,5,11
277,139,39,9,1
278,139,38,15,4
279,140,41,5,5
280,140,34,15,6
281,141,35,13,7
282,141,42,10,8
283,142,40,15,3
284,142,39,4,4
285,143,38,8,1
286,143,36,13,2
287,144,44,10,9
288,144,45,11,10
289,145,37,10,11
290,145,43,15,12
291,146,2,11,2
292,146,46,7,5
293,147,47,6,4
294,147,48,8,9
295,148,46,11,5
296,148,48,6,9
297,149,8,12,3
298,149,49,2,6
299,150,47,6,4
300,150,50,10,7
301,151,7,13,1
302,151,51,0,11
303,152,52,14,8
304,152,53,3,10
305,153,2,10,2
306,153,50,5,7
307,154,7,9,1
308,154,53,2,10
309,155,8,9,3
310,155,52,10,8
311,156,49,13,6
312,156,51,2,11
313,157,2,11,2
314,157,48,5,9
315,158,47,4,4
316,158,46,9,5
317,159,53,7,10
318,159,51,5,11
319,160,49,9,6
320,160,52,12,8
321,161,7,8,1
322,161,8,5,3
323,162,46,9,5
324,162,50,7,7
325,163,2,13,2
326,163,47,1,4
327,164,52,12,8
328,164,51,2,11
329,165,8,10,3
330,165,53,4,10
331,166,7,8,1
332,166,49,6,6
333,167,50,5,7
334,167,48,8,9
335,168,49,13,6
336,168,53,6,10
337,169,7,8,1
338,169,52,6,8
339,170,8,13,3
340,170,51,1,11
341,171,8,13,6
342,171,50,5,7
343,172,48,5,5
344,172,49,15,8
345,173,47,11,9
346,173,51,10,11
347,174,7,6,1
348,174,46,14,4
349,175,52,5,3
350,175,2,15,2
351,176,50,10,7
352,176,48,9,8
353,177,49,15,5
354,177,8,0,6
355,178,53,13,10
356,178,51,11,11
357,179,52,7,3
358,179,7,15,4
359,180,46,9,1
360,180,2,13,2
361,181,47,10,9
362,181,53,12,10
363,182,54,11,3
364,182,55,5,10
365,183,56,11,1
366,183,57,8,6
367,184,58,15,4
368,184,59,2,9
369,185,60,14,2
370,185,61,3,5
371,186,56,15,1
372,186,62,3,8
373,187,57,15,6
374,187,55,3,10
375,188,54,15,3
376,188,62,1,8
377,189,61,13,5
378,189,59,5,9
379,190,58,14,4
380,190,63,7,7
381,191,56,13,1
382,191,55,3,10
383,192,60,14,2
384,192,63,4,7
385,193,58,13,4
386,193,61,5,5
387,194,54,12,3
388,194,57,6,6
389,195,60,15,2
390,195,59,0,9
391,196,57,10,6
392,196,62,6,8
393,197,61,6,5
394,197,63,9,7
395,198,62,3,8
396,198,55,11,10
397,199,60,15,2
398,199,58,6,4
399,200,63,11,7
400,200,59,7,9
401,201,56,12,1
402,201,54,7,3
403,202,56,15,1
404,202,58,6,4
405,203,57,14,6
406,203,61,11,7
407,204,60,15,2
408,204,54,9,3
409,205,55,10,8
410,205,63,15,5
411,206,61,12,7
412,206,62,11,10
413,207,55,12,8
414,207,59,9,9
415,208,63,10,5
416,208,54,12,3
417,209,58,11,4
418,209,57,10,6
419,210,56,11,1
420,210,60,15,2
421,211,59,15,9
422,211,62,4,10
423,212,61,12,7
424,212,55,7,8
425,213,54,14,3
426,213,58,8,4
427,214,63,11,5
428,214,57,14,6
429,215,64,15,3
430,215,65,1,8
431,216,66,11,2
432,216,67,5,9
433,217,68,11,5
434,217,69,1,7
435,218,70,15,1
436,218,71,2,6
437,219,72,3,4
438,219,68,11,5
439,220,64,15,3
440,220,71,0,6
441,221,72,3,4
442,221,67,11,9
443,222,66,15,2
444,222,69,0,7
445,223,70,15,1
446,223,65,3,8
447,224,66,9,2
448,224,68,8,5
449,225,72,12,4
450,225,69,6,7
451,226,68,0,5
452,226,67,15,9
453,227,71,9,6
454,227,65,12,8
455,228,70,10,1
456,228,64,15,3
457,229,69,2,7
458,229,67,15,9
459,230,66,15,2
460,230,72,1,4
461,231,68,7,5
462,231,65,5,6
463,232,72,11,7
464,232,71,7,8
465,233,70,3,3
466,233,66,15,2
467,234,64,15,1
468,234,67,12,4
469,235,65,13,6
470,235,69,6,9
471,236,68,15,5
472,236,71,2,8
473,237,65,7,6
474,237,72,11,7
475,238,64,13,1
476,238,66,15,2
477,239,70,8,3
478,239,67,15,4
479,240,71,6,8
480,240,69,9,9
481,241,7,15,2
482,241,73,5,12
483,242,74,15,3
484,242,52,6,9
485,243,24,15,1
486,243,75,4,11
487,244,76,11,8
488,244,73,7,12
489,245,77,8,5
490,245,52,13,9
491,246,47,11,4
492,246,78,12,10
493,247,7,15,2
494,247,76,6,8
495,248,15,15,6
496,248,78,6,10
497,249,79,10,7
498,249,75,11,11
499,250,74,14,3
500,250,77,10,5
501,251,24,15,1
502,251,79,4,7
503,252,47,8,4
504,252,15,15,6
505,253,52,12,5
506,253,73,6,12
507,254,76,13,8
508,254,77,8,9
509,255,78,10,6
510,255,79,9,11
511,256,24,15,1
512,256,74,7,3
513,257,7,11,2
514,257,15,8,4
515,258,75,11,7
516,258,47,13,10
517,259,74,15,3
518,259,78,6,6
519,260,52,10,5
520,260,15,12,4
521,261,47,7,7
522,261,7,15,2
523,262,24,14,1
524,262,76,6,8
525,263,52,9,5
526,263,76,6,8
527,264,77,10,9
528,264,79,6,11
529,265,78,9,6
530,265,47,7,7
531,266,75,10,10
532,266,73,12,12
533,267,77,15,9
534,267,73,6,12
535,268,75,10,10
536,268,79,5,11
537,269,24,14,1
538,269,15,6,4
539,270,74,7,3
540,270,7,15,2
541,271,52,12,5
542,271,78,8,6
543,272,47,13,7
544,272,76,12,8
545,273,74,12,3
546,273,15,13,4
547,274,24,13,1
548,274,7,8,2
549,275,77,12,9
550,275,75,11,10
551,276,79,6,11
552,276,73,10,12
553,277,80,14,19
554,277,81,9,27
555,278,82,11,17
556,278,83,8,25
557,279,53,10,20
558,279,84,11,28
559,280,85,15,4
560,280,46,9,11
561,281,6,13,6
562,281,86,10,13
563,282,23,15,3
564,282,11,5,12
565,283,8,15,5
566,283,87,3,14
567,284,14,9,18
568,284,88,14,26
569,285,53,12,20
570,285,89,11,22
571,286,6,8,6
572,286,11,13,12
573,287,23,15,3
574,287,86,4,13
575,288,80,11,19
576,288,90,14,21
577,289,85,15,4
578,289,87,5,14
579,290,8,13,5
580,290,46,14,11
581,291,82,15,17
582,291,91,7,23
583,292,14,11,18
584,292,92,10,24
585,293,89,14,22
586,293,84,5,28
587,294,92,12,24
588,294,88,10,26
589,295,21,11,8
590,295,93,7,15
591,296,94,12,7
592,296,95,4,16
593,297,2,12,2
594,297,96,11,9
595,298,91,11,23
596,298,83,10,25
597,299,20,15,1
598,299,49,8,10
599,300,90,12,21
600,300,81,10,27
601,301,46,10,11
602,301,87,14,14
603,302,23,15,3
604,302,6,9,6
605,303,20,15,1
606,303,93,7,15
607,304,94,11,7
608,304,96,7,9
609,305,2,15,2
610,305,95,4,16
611,306,11,13,12
612,306,86,10,13
613,307,21,15,8
614,307,49,7,10
615,308,85,13,4
616,308,8,8,5
617,309,88,15,18
618,309,91,6,23
619,310,83,11,25
620,310,81,9,27
621,311,89,15,20
622,311,80,7,21
623,312,14,15,26
624,312,84,6,28
625,313,82,11,17
626,313,92,15,24
627,314,90,9,19
628,314,53,15,22
629,315,49,8,10
630,315,93,10,15
631,316,2,12,2
632,316,94,6,7
633,317,96,15,9
634,317,95,2,16
635,318,20,11,1
636,318,21,12,8
637,319,46,13,11
638,319,11,12,6
639,320,96,5,9
640,320,20,15,8
641,321,53,8,19
642,321,87,14,14
643,322,86,11,13
644,322,89,12,20
645,323,94,15,7
646,323,93,7,10
647,324,49,8,15
648,324,88,10,18
649,325,8,15,5
650,325,6,7,12
651,326,92,10,17
652,326,95,11,16
653,327,89,14,13
654,327,95,5,16
655,328,83,8,25
656,328,82,11,24
657,329,88,13,15
658,329,87,11,14
659,330,91,9,23
660,330,14,11,26
661,331,81,13,27
662,331,90,9,22
663,332,80,12,21
664,332,84,6,28
665,333,92,14,17
666,333,86,7,20
667,334,53,5,19
668,334,49,15,18
669,335,11,12,10
670,335,93,8,11
671,336,21,10,1
672,336,85,13,4
673,337,94,9,7
674,337,46,12,6
675,338,8,14,5
676,338,20,13,8
677,339,2,15,2
678,339,23,11,3
679,340,96,12,9
680,340,6,8,12
681,341,14,15,23
682,341,81,5,22
683,342,80,7,21
684,342,82,12,24
685,343,92,7,17
686,343,49,15,18
687,344,87,13,15
688,344,95,14,16
689,345,89,13,13
690,345,88,9,14
691,346,53,10,19
692,346,86,11,20
693,347,83,13,25
694,347,84,8,28
695,348,90,12,27
696,348,91,10,26
697,349,82,7,21
698,349,14,9,22
699,350,94,5,7
700,350,20,15,8
701,351,8,15,5
702,351,46,9,6
703,352,23,15,3
704,352,21,13,4
705,353,85,10,1
706,353,2,8,2
707,354,81,10,23
708,354,80,11,24
709,355,93,10,11
710,355,6,15,12
711,356,96,15,9
712,356,11,2,10
713,357,83,10,25
714,357,90,12,26
715,358,91,12,27
716,358,84,8,28
717,359,40,12,12
718,359,45,14,18
719,360,34,11,3
720,360,97,10,5
721,361,98,14,1
722,361,99,15,7
723,362,100,5,2
724,362,36,15,8
725,363,101,9,4
726,363,102,14,6
727,364,103,12,9
728,364,104,3,19
729,365,43,9,15
730,365,105,8,21
731,366,38,14,10
732,366,106,6,20
733,367,107,15,11
734,367,44,7,17
735,368,108,11,14
736,368,45,12,18
737,369,43,9,15
738,369,104,10,19
739,370,103,13,9
740,370,105,4,21
741,371,99,8,1
742,371,34,11,3
743,372,41,13,16
744,372,106,8,20
745,373,36,8,2
746,373,102,14,4
747,374,109,15,13
748,374,44,5,17
749,375,101,15,6
750,375,100,8,8
751,376,97,8,5
752,376,98,14,7
753,377,38,13,10
754,377,41,7,16
755,378,40,13,12
756,378,108,9,14
757,379,107,15,11
758,379,109,8,13
759,380,104,6,19
760,380,105,9,21
761,381,103,13,9
762,381,43,5,15
763,382,99,8,3
764,382,102,14,2
765,383,34,13,1
766,383,36,12,4
767,384,43,7,19
768,384,40,13,14
769,385,45,5,12
770,385,98,15,5
771,386,105,11,15
772,386,108,5,18
773,387,109,1,13
774,387,106,0,20
775,388,41,11,16
776,388,44,12,17
777,389,101,15,6
778,389,107,5,11
779,390,103,13,9
780,390,100,9,8
781,391,97,13,7
782,391,38,12,10
783,392,107,15,11
784,392,40,6,14
785,393,105,6,15
786,393,38,11,10
787,394,109,11,13
788,394,45,13,12
789,395,100,15,9
790,395,44,5,16
791,396,41,1,17
792,396,43,0,19
793,397,108,0,18
794,397,104,1,21
795,398,97,10,7
796,398,102,13,2
797,399,36,0,4
798,399,98,1,5
799,400,101,14,6
800,400,99,13,3
801,401,34,13,1
802,401,103,10,8
803,402,108,1,18
804,402,106,0,20
805,403,43,1,19
806,403,104,0,21
807,404,41,1,17
808,404,106,0,20
809,405,100,15,9
810,405,45,9,12
811,406,109,14,13
812,406,44,8,16
813,407,40,10,14
814,407,105,9,15
815,408,107,11,11
816,408,38,12,10
817,409,108,9,18
818,409,43,8,19
819,410,41,0,17
820,410,104,1,21
821,411,99,15,6
822,411,97,10,7
823,412,101,14,3
824,412,102,9,2
825,413,34,10,1
826,413,98,15,4
827,414,36,13,5
828,414,103,7,8
829,415,43,1,19
830,415,106,0,20
831,416,109,15,13
832,416,40,7,14
833,417,107,15,11
834,417,45,9,12
835,418,105,9,15
836,418,44,10,16
837,419,100,13,9
838,419,38,6,10
839,420,41,0,17
840,420,108,1,18
841,421,106,0,20
842,421,104,1,21
843,422,97,12,7
844,422,103,11,8
845,423,36,10,5
846,423,99,7,6
847,424,102,11,3
848,424,34,10,4
849,425,98,15,1
850,425,101,13,2
851,426,110,15,1
852,426,56,7,6
853,427,98,15,3
854,427,102,8,8
855,428,109,10,11
856,428,111,2,17
857,429,107,8,9
858,429,112,6,14
859,430,54,11,10
860,430,113,15,13
861,431,97,13,12
862,431,114,11,15
863,432,109,7,11
864,432,59,6,16
865,433,112,13,14
866,433,111,2,17
867,434,113,13,13
868,434,114,7,15
869,435,56,13,6
870,435,102,9,8
871,436,115,15,9
872,436,116,8,14
873,437,110,15,1
874,437,98,8,3
875,438,117,13,12
876,438,118,12,15
877,439,63,8,10
878,439,108,15,13
879,440,119,15,2
880,440,101,11,5
881,441,54,12,10
882,441,97,11,12
883,442,120,15,4
884,442,100,10,7
885,443,121,14,11
886,443,58,12,16
887,444,107,12,9
888,444,59,4,16
889,445,103,14,4
890,445,57,8,7
891,446,122,15,2
892,446,123,6,5
893,447,99,12,1
894,447,61,14,6
895,448,124,14,3
896,448,125,13,8
897,449,109,6,11
898,449,112,10,14
899,450,107,13,9
900,450,111,3,17
901,451,98,9,3
902,451,56,14,6
903,452,54,6,10
904,452,114,15,15
905,453,63,11,10
906,453,118,10,15
907,454,117,10,12
908,454,108,15,13
909,455,97,13,12
910,455,113,12,13
911,456,110,15,1
912,456,102,5,8
913,457,119,15,2
914,457,100,8,7
915,458,120,10,4
916,458,101,15,5
917,459,121,11,11
918,459,116,15,14
919,460,115,15,9
920,460,58,12,16
921,461,112,11,14
922,461,59,4,16
923,462,108,12,13
924,462,118,7,15
925,463,99,15,1
926,463,125,8,8
927,464,101,13,5
928,464,100,9,7
929,465,119,12,2
930,465,120,7,4
931,466,103,15,4
932,466,123,5,5
933,467,122,14,2
934,467,57,11,7
935,468,115,9,9
936,468,121,13,11
937,469,63,15,10
938,469,117,13,12
939,470,116,9,14
940,470,58,12,16
941,471,124,12,3
942,471,61,8,6
943,472,61,10,6
944,472,125,14,8
945,473,122,15,2
946,473,103,10,4
947,474,123,14,5
948,474,57,6,7
949,475,99,13,1
950,475,124,9,3
951,476,59,8,16
952,476,111,7,17
953,477,107,13,9
954,477,109,4,11
955,478,63,11,12
956,478,123,9,5
957,479,108,12,10
958,479,57,9,7
959,480,113,12,12
960,480,120,13,5
961,481,102,15,8
962,481,121,5,9
963,482,61,6,8
964,482,107,14,9
965,483,97,13,10
966,483,100,8,7
967,484,98,15,6
968,484,115,6,11
969,485,125,15,6
970,485,112,8,11
971,486,108,8,7
972,486,125,9,6
973,487,123,9,12
974,487,61,10,9
975,488,57,13,10
976,488,112,9,11
977,489,99,15,1
978,489,103,12,4
979,490,63,14,5
980,490,107,15,8
981,491,122,10,2
982,491,124,13,3
983,492,100,13,10
984,492,115,12,11
985,493,97,9,7
986,493,98,11,6
987,494,119,15,2
988,494,56,6,3
989,495,110,15,1
990,495,101,8,4
991,496,113,15,12
992,496,121,8,9
993,497,120,15,5
994,497,102,7,8
995,498,122,8,3
996,498,103,15,4
997,499,99,15,1
998,499,124,9,2
999,500,61,13,9
1000,500,57,12,10
1001,501,107,12,5
1002,501,125,15,6
1003,502,113,12,9
1004,502,100,11,10
1005,503,108,11,7
1006,503,63,13,8
1007,504,112,13,11
1008,504,123,12,12
1009,505,56,14,3
1010,505,101,15,4
1011,506,110,15,1
1012,506,119,9,2
1013,507,97,8,7
1014,507,102,13,8
1015,508,115,12,11
1016,508,121,13,12
1017,509,120,11,5
1018,509,98,14,6
1019,510,70,15,3
1020,510,65,2,8
1021,511,126,15,1
1022,511,127,3,6
1023,512,128,6,4
1024,512,68,15,7
1025,513,129,15,2
1026,513,64,8,5
1027,514,126,10,1
1028,514,70,11,3
1029,515,127,11,6
1030,515,65,9,8
1031,516,64,12,5
1032,516,68,13,7
1033,517,129,15,2
1034,517,128,4,4
1035,518,130,15,9
1036,518,131,0,14
1037,519,132,15,11
1038,519,133,5,16
1039,520,134,15,10
1040,520,135,3,13
1041,521,136,3,12
1042,521,71,11,15
1043,522,70,15,3
1044,522,127,9,6
1045,523,129,15,2
1046,523,68,9,7
1047,524,128,10,4
1048,524,64,15,5
1049,525,126,15,1
1050,525,65,0,8
1051,526,136,10,12
1052,526,135,4,13
1053,527,134,15,10
1054,527,71,2,15
1055,528,130,15,9
1056,528,133,3,16
1057,529,132,15,11
1058,529,131,1,14
1059,530,131,2,14
1060,530,133,14,16
1061,531,134,12,10
1062,531,136,2,12
1063,532,135,12,13
1064,532,71,10,15
1065,533,130,14,9
1066,533,132,6,11
1067,534,127,12,6
1068,534,132,5,11
1069,535,134,10,10
1070,535,128,8,7
1071,536,65,3,8
1072,536,130,15,9
1073,537,71,0,12
1074,537,64,15,5
1075,538,70,3,1
1076,538,68,15,4
1077,539,129,15,2
1078,539,126,7,3
1079,540,128,5,10
1080,540,132,12,11
1081,541,134,6,7
1082,541,127,10,6
1083,542,64,14,5
1084,542,130,9,8
1085,543,71,7,12
1086,543,65,10,9
1087,544,68,11,1
1088,544,129,15,2
1089,545,126,15,3
1090,545,70,4,4
1091,546,134,9,7
1092,546,130,8,8
1093,547,65,7,9
1094,547,132,15,10
1095,548,64,14,5
1096,548,127,8,6
1097,549,128,13,11
1098,549,71,4,12
1099,550,125,12,31
1100,550,40,10,39
1101,551,137,15,1
1102,551,54,1,12
1103,552,138,1,19
1104,552,139,15,23
1105,553,121,14,15
1106,553,124,11,28
1107,554,98,14,3
1108,554,60,13,10
1109,555,36,11,21
1110,555,113,15,17
1111,556,56,15,20
1112,556,115,6,24
1113,557,119,7,4
1114,557,101,14,9
1115,558,99,7,25
1116,558,97,11,14
1117,559,140,12,32
1118,559,117,13,40
1119,560,103,12,29
1120,560,141,11,37
1121,561,110,15,2
1122,561,34,7,11
1123,562,38,11,30
1124,562,107,15,38
1125,563,116,9,13
1126,563,142,14,26
1127,564,111,2,54
1128,564,143,15,42
1129,565,144,15,18
1130,565,58,7,22
1131,566,122,13,27
1132,566,102,10,16
1133,567,118,15,41
1134,567,145,5,53
1135,568,41,12,48
1136,568,45,10,52
1137,569,146,8,51
1138,569,147,13,47
1139,570,148,10,44
1140,570,112,15,50
1141,571,42,15,43
1142,571,43,7,49
1143,572,38,12,30
1144,572,149,8,36
1145,573,116,11,26
1146,573,138,9,23
1147,574,140,12,32
1148,574,57,10,34
1149,575,98,13,3
1150,575,120,14,8
1151,576,125,8,31
1152,576,63,13,33
1153,577,103,10,29
1154,577,61,11,35
1155,578,137,15,1
1156,578,100,1,6
1157,579,110,9,2
1158,579,150,11,5
1159,580,142,11,13
1160,580,139,15,19
1161,581,119,15,4
1162,581,151,12,7
1163,582,42,7,43
1164,582,108,13,45
1165,583,144,15,18
1166,583,122,4,16
1167,584,58,7,22
1168,584,102,11,27
1169,585,148,7,44
1170,585,44,15,46
1171,586,115,15,24
1172,586,99,7,25
1173,587,63,15,33
1174,587,40,6,39
1175,588,120,14,8
1176,588,60,13,10
1177,589,151,7,7
1178,589,101,15,9
1179,590,100,14,6
1180,590,54,7,12
1181,591,61,12,35
1182,591,141,9,37
1183,592,150,14,5
1184,592,34,12,11
1185,593,124,11,28
1186,593,36,15,21
1187,594,121,11,15
1188,594,113,12,17
1189,595,149,5,36
1190,595,107,15,38
1191,596,57,13,34
1192,596,117,11,40
1193,597,56,15,20
1194,597,97,7,14
1195,598,118,15,41
1196,598,147,7,47
1197,599,145,13,53
1198,599,146,8,51
1199,600,41,10,48
1200,600,143,13,42
1201,601,108,15,45
1202,601,43,6,49
1203,602,44,7,46
1204,602,112,11,50
1205,603,45,15,52
1206,603,111,5,54
1207,604,115,14,24
1208,604,121,11,17
1209,605,97,11,20
1210,605,36,13,21
1211,606,102,11,22
1212,606,142,10,19
1213,607,122,10,18
1214,607,116,12,23
1215,608,34,6,11
1216,608,56,15,14
1217,609,60,15,10
1218,609,113,10,15
1219,610,137,15,1
1220,610,98,6,8
1221,611,144,15,16
1222,611,151,8,9
1223,612,119,14,7
1224,612,150,9,2
1225,613,110,11,5
1226,613,101,10,4
1227,614,120,15,3
1228,614,100,7,6
1229,615,99,14,25
1230,615,140,10,32
1231,616,61,8,29
1232,616,124,14,28
1233,617,63,15,31
1234,617,138,9,26
1235,618,58,9,27
1236,618,107,11,30
1237,619,139,18,13
1238,619,54,8,12
1239,620,57,8,34
1240,620,103,15,35
1241,621,43,15,49
1242,621,41,7,48
1243,622,40,14,39
1244,622,143,13,42
1245,623,145,2,51
1246,623,44,15,46
1247,624,111,8,54
1248,624,146,13,53
1249,625,118,8,41
1250,625,117,11,40
1251,626,42,12,45
1252,626,45,8,52
1253,627,141,13,37
1254,627,112,6,44
1255,628,125,3,33
1256,628,38,15,36
1257,629,147,8,47
1258,629,148,13,50
1259,630,108,15,43
1260,630,149,13,38
1261,631,139,8,12
1262,631,101,14,5
1263,632,98,6,8
1264,632,144,15,9
1265,633,60,9,10
1266,633,150,12,7
1267,634,100,6,6
1268,634,56,15,11
1269,635,34,8,14
1270,635,102,11,19
1271,636,60,14,10
1272,636,100,7,11
1273,637,99,15,25
1274,637,122,10,23
1275,638,118,7,41
1276,638,43,8,48
1277,639,142,15,22
1278,639,124,5,28
1279,640,36,13,20
1280,640,54,6,13
1281,641,148,6,47
1282,641,143,11,42
1283,642,149,7,43
1284,642,44,14,46
1285,643,107,8,27
1286,643,97,15,21
1287,644,151,15,16
1288,644,115,7,17
1289,645,121,15,24
1290,645,63,3,26
1291,646,116,5,18
1292,646,113,14,15
1293,647,42,11,45
1294,647,112,7,44
1295,648,150,6,7
1296,648,56,12,6
1297,649,101,15,5
1298,649,144,9,8
1299,650,139,12,12
1300,650,98,9,9
1301,651,119,15,2
1302,651,120,5,3
1303,652,137,15,1
1304,652,110,6,4
1305,653,143,7,42
1306,653,44,11,43
1307,654,148,1,47
1308,654,149,11,46
1309,655,42,7,44
1310,655,43,9,41
1311,656,113,10,15
1312,656,102,8,14
1313,657,112,11,45
1314,657,118,6,48
1315,658,54,6,20
1316,658,115,15,17
1317,659,116,14,18
1318,659,34,10,19
1319,660,36,7,13
1320,660,151,15,16
1321,661,107,15,27
1322,661,63,7,26
1323,662,99,11,23
1324,662,142,13,22
1325,663,97,9,21
1326,663,121,10,24
1327,664,98,15,12
1328,664,100,10,11
1329,665,139,10,9
1330,665,60,8,10
1331,666,144,6,8
1332,666,150,12,7
1333,667,101,13,5
1334,667,56,12,6
1335,668,122,11,25
1336,668,124,9,28
1337,669,113,8,14
1338,669,151,15,13
1339,670,112,10,45
1340,670,149,13,46
1341,671,142,12,22
1342,671,121,13,21
1343,672,63,5,27
1344,672,124,15,28
1345,673,122,7,25
1346,673,107,11,26
1347,674,34,14,19
1348,674,54,13,20
1349,675,97,6,24
1350,675,99,9,23
1351,676,43,12,41
1352,676,44,10,42
1353,677,116,8,18
1354,677,115,15,17
1355,678,143,12,43
1356,678,42,11,44
1357,679,118,13,48
1358,679,148,9,47
1359,680,120,11,3
1360,680,110,15,4
1361,681,36,10,16
1362,681,102,15,15
1363,682,137,15,1
1364,682,119,6,2
1365,683,40,9,39
1366,683,125,8,40
1367,684,117,6,37
1368,684,108,15,38
1369,685,57,13,35
1370,685,141,12,36
1371,686,61,11,33
1372,686,138,13,34
1373,687,58,13,31
1374,687,38,7,32
1375,688,41,6,49
1376,688,45,13,50
1377,689,140,6,29
1378,689,103,15,30
1379,690,145,10,51
1380,690,147,9,52
1381,691,146,10,53
1382,691,111,6,54
1383,692,152,13,1
1384,692,153,10,12
1385,693,154,15,2
1386,693,155,6,11
1387,694,156,9,3
1388,694,66,12,10
1389,695,157,15,4
1390,695,64,3,9
1391,696,158,6,20
1392,696,159,8,23
1393,697,133,0,26
1394,697,136,15,14
1395,698,127,15,13
1396,698,131,0,25
1397,699,132,13,16
1398,699,160,9,22
1399,700,68,13,19
1400,700,130,9,24
1401,701,134,10,15
1402,701,65,8,21
1403,702,154,10,2
1404,702,161,13,5
1405,703,152,10,1
1406,703,162,11,6
1407,704,156,10,3
1408,704,163,13,8
1409,705,157,12,4
1410,705,70,4,7
1411,706,132,9,16
1412,706,164,6,17
1413,707,134,6,15
1414,707,165,8,18
1415,708,162,12,6
1416,708,153,10,12
1417,709,163,11,8
1418,709,66,14,10
1419,710,70,5,7
1420,710,64,13,9
1421,711,161,12,5
1422,711,155,10,11
1423,712,130,15,24
1424,712,133,3,26
1425,713,127,15,13
1426,713,159,4,20
1427,714,164,3,17
1428,714,160,11,22
1429,715,165,6,18
1430,715,65,11,21
1431,716,68,14,19
1432,716,136,6,14
1433,717,131,9,25
1434,717,158,8,23
1435,718,64,10,7
1436,718,161,14,2
1437,719,162,15,1
1438,719,163,9,8
1439,720,127,12,13
1440,720,153,14,12
1441,721,154,13,5
1442,721,157,11,4
1443,722,132,4,16
1444,722,70,15,9
1445,723,158,11,25
1446,723,133,9,26
1447,724,156,15,10
1448,724,65,1,15
1449,725,155,15,11
1450,725,68,7,14
1451,726,66,5,3
1452,726,152,15,6
1453,727,131,5,23
1454,727,134,15,18
1455,728,164,7,22
1456,728,136,13,19
1457,729,160,8,17
1458,729,130,10,24
1459,730,159,5,20
1460,730,165,15,21
1461,731,153,8,12
1462,731,70,11,9
1463,732,161,9,2
1464,732,152,15,3
1465,733,156,9,10
1466,733,155,10,11
1467,734,165,11,20
1468,734,130,8,17
1469,735,66,12,6
1470,735,64,5,7
1471,736,162,13,1
1472,736,154,12,4
1473,737,163,10,8
1474,737,157,12,5
1475,738,134,9,18
1476,738,136,8,19
1477,739,127,13,13
1478,739,132,5,16
1479,740,65,5,15
1480,740,68,10,14
1481,741,153,8,12
1482,741,68,5,14
1483,742,163,7,8
1484,742,155,12,10
1485,743,70,9,9
1486,743,64,10,7
1487,744,134,9,18
1488,744,132,4,16
1489,745,127,9,13
1490,745,156,8,11
1491,746,65,10,15
1492,746,165,3,17
1493,747,154,10,4
1494,747,66,4,6
1495,748,157,8,5
1496,748,161,12,3
1497,749,136,15,19
1498,749,130,11,20
1499,750,162,7,1
1500,750,152,13,2
1501,751,157,12,5
1502,751,66,4,6
1503,752,64,4,7
1504,752,155,10,8
1505,753,156,11,13
1506,753,68,4,14
1507,754,161,0,3
1508,754,154,15,4
1509,755,70,10,9
1510,755,163,3,10
1511,756,132,8,18
1512,756,165,6,17
1513,757,65,5,15
1514,757,134,4,16
1515,758,127,5,11
1516,758,153,14,12
1517,759,159,3,21
1518,759,164,9,22
1519,760,131,8,23
1520,760,160,10,24
1521,761,158,11,25
1522,761,133,5,26
1523,762,122,15,6
1524,762,111,3,16
1525,763,120,15,1
1526,763,147,5,11
1527,764,113,15,4
1528,764,42,3,10
1529,765,125,13,7
1530,765,112,10,13
1531,766,114,15,8
1532,766,166,1,14
1533,767,116,4,2
1534,767,144,15,5
1535,768,167,11,12
1536,768,168,9,15
1537,769,121,15,3
1538,769,117,5,9
1539,770,120,15,1
1540,770,122,3,6
1541,771,113,14,4
1542,771,125,4,7
1543,772,147,14,11
1544,772,111,12,16
1545,773,42,15,10
1546,773,112,7,13
1547,774,113,15,4
1548,774,112,7,13
1549,775,125,12,7
1550,775,42,7,10
1551,776,144,15,5
1552,776,167,1,12
1553,777,121,8,3
1554,777,114,15,8
1555,778,117,15,9
1556,778,166,5,14
1557,779,122,15,6
1558,779,147,4,11
1559,780,116,14,2
1560,780,168,9,15
1561,781,120,15,1
1562,781,111,4,16
1563,782,144,15,5
1564,782,168,0,15
1565,783,114,15,8
1566,783,117,2,9
1567,784,116,15,2
1568,784,167,3,12
1569,785,121,15,3
1570,785,166,8,14
1571,786,120,15,1
1572,786,121,8,8
1573,787,125,7,7
1574,787,144,15,2
1575,788,116,10,5
1576,788,113,11,4
1577,789,114,15,3
1578,789,122,8,6
1579,790,112,11,13
1580,790,167,8,12
1581,791,120,15,1
1582,791,113,6,4
1583,792,117,12,9
1584,792,111,7,16
1585,793,114,6,3
1586,793,144,15,2
1587,794,168,5,15
1588,794,42,11,10
1589,795,147,11,11
1590,795,166,4,14
1591,796,116,8,5
1592,796,121,12,8
1593,797,122,15,6
1594,797,125,4,7
1595,798,120,10,1
1596,798,144,12,2
1597,799,117,15,9
1598,799,112,5,12
1599,800,166,12,14
1600,800,168,13,15
1601,801,114,0,3
1602,801,113,15,4
1603,802,167,8,13
1604,802,111,15,16
1605,803,147,15,11
1606,803,42,11,10
1607,804,117,9,9
1608,804,147,15,10
1609,805,42,11,11
1610,805,112,10,12
1611,806,125,13,7
1612,806,116,14,8
1613,807,111,8,13
1614,807,168,15,14
1615,808,121,13,5
1616,808,122,10,6
1617,809,166,9,15
1618,809,167,8,16
1619,810,136,12,7
1620,810,164,8,14
1621,811,154,15,1
1622,811,131,0,12
1623,812,134,7,8
1624,812,130,9,13
1625,813,157,15,2
1626,813,169,0,11
1627,814,165,14,6
1628,814,133,4,15
1629,815,163,11,4
1630,815,132,5,9
1631,816,156,15,3
1632,816,147,0,10
1633,817,127,15,5
1634,817,147,4,10
1635,818,157,15,2
1636,818,134,1,8
1637,819,169,3,11
1638,819,130,15,13
1639,820,163,15,4
1640,820,133,1,15
1641,821,165,8,6
1642,821,132,7,9
1643,822,154,15,1
1644,822,136,3,7
1645,823,131,1,12
1646,823,164,15,14
1647,824,156,15,3
1648,824,127,8,5
1649,825,134,9,8
1650,825,169,3,11
1651,826,136,15,7
1652,826,131,1,12
1653,827,163,11,4
1654,827,165,8,6
1655,828,132,14,9
1656,828,133,5,15
1657,829,154,15,1
1658,829,164,5,14
1659,830,157,15,2
1660,830,130,6,13
1661,831,147,1,10
1662,831,136,13,7
1663,832,164,6,12
1664,832,127,11,5
1665,833,165,10,6
1666,833,134,3,11
1667,834,130,10,8
1668,834,132,6,9
1669,835,154,15,1
1670,835,163,3,4
1671,836,157,12,2
1672,836,156,11,3
1673,837,164,7,12
1674,837,132,9,9
1675,838,147,5,10
1676,838,134,8,11
1677,839,127,10,5
1678,839,130,7,8
1679,840,136,9,7
1680,840,165,11,6
1681,841,127,11,5
1682,841,165,7,6
1683,842,136,7,7
1684,842,130,13,8
1685,843,147,10,11
1686,843,164,11,12
1687,844,156,15,3
1688,844,163,8,4
1689,845,132,6,9
1690,845,134,10,10
1691,846,154,9,1
1692,846,157,12,2
1693,847,94,10,3
1694,847,170,5,7
1695,848,47,5,1
1696,848,49,6,5
1697,849,82,8,11
1698,849,78,4,18
1699,850,46,15,4
1700,850,79,4,8
1701,851,89,12,9
1702,851,73,3,20
1703,852,95,6,10
1704,852,75,7,19
1705,853,85,11,2
1706,853,93,4,6
1707,854,89,8,9
1708,854,81,4,14
1709,855,82,3,11
1710,855,53,5,16
1711,856,52,8,12
1712,856,171,7,17
1713,857,52,8,12
1714,857,172,1,15
1715,858,81,6,14
1716,858,73,4,20
1717,859,49,7,5
1718,859,170,6,7
1719,860,95,7,10
1720,860,76,4,13
1721,861,53,6,16
1722,861,78,5,18
1723,862,46,6,4
1724,862,93,5,6
1725,863,85,11,2
1726,863,79,2,8
1727,864,172,5,15
1728,864,171,11,17
1729,865,76,2,13
1730,865,75,9,19
1731,866,47,2,1
1732,866,94,11,3
1733,867,93,13,6
1734,867,79,2,8
1735,868,85,14,2
1736,868,46,2,4
1737,869,78,6,18
1738,869,73,7,20
1739,870,53,8,11
1740,870,81,3,14
1741,871,89,5,9
1742,871,82,6,16
1743,872,172,0,17
1744,872,76,6,19
1745,873,47,4,1
1746,873,170,8,7
1747,874,75,6,10
1748,874,171,7,15
1749,875,94,8,3
1750,875,49,5,5
1751,876,52,3,12
1752,876,95,11,13
1753,877,52,8,13
1754,877,78,9,20
1755,878,82,6,9
1756,878,79,8,8
1757,879,47,15,7
1758,879,171,0,10
1759,880,53,7,11
1760,880,93,12,6
1761,881,170,7,5
1762,881,95,14,12
1763,882,75,11,15
1764,882,73,7,18
1765,883,47,14,7
1766,883,93,5,6
1767,884,76,14,17
1768,884,89,7,16
1769,885,172,6,19
1770,885,81,10,14
1771,886,95,12,5
1772,886,79,8,8
1773,887,82,15,9
1774,887,170,3,12
1775,888,53,13,10
1776,888,171,5,11
1777,889,85,15,2
1778,889,49,2,3
1779,890,75,12,15
1780,890,81,7,14
1781,891,94,15,1
1782,891,46,8,4
1783,892,172,3,19
1784,892,73,15,18
1785,893,89,8,17
1786,893,52,10,20
1787,894,78,10,13
1788,894,76,8,16
1789,895,94,10,1
1790,895,85,13,2
1791,896,49,10,3
1792,896,46,14,4
1793,897,95,12,5
1794,897,47,8,6
1795,898,93,10,7
1796,898,79,4,8
1797,899,52,9,17
1798,899,73,8,18
1799,900,82,11,9
1800,900,53,7,10
1801,901,78,12,13
1802,901,75,9,14
1803,902,81,7,15
1804,902,76,11,16
1805,903,171,9,11
1806,903,170,10,12
1807,904,172,2,19
1808,904,89,15,20
1809,905,122,12,8
1810,905,63,6,9
1811,906,61,14,7
1812,906,117,10,10
1813,907,54,15,5
1814,907,124,10,4
1815,908,100,15,3
1816,908,113,3,6
1817,909,119,15,1
1818,909,54,9,4
1819,910,122,14,8
1820,910,124,8,5
1821,911,113,7,6
1822,911,61,13,7
1823,912,100,4,3
1824,912,56,15,2
1825,913,113,0,7
1826,913,124,15,8
1827,914,63,10,9
1828,914,117,12,10
1829,915,100,12,3
1830,915,54,11,4
1831,916,119,13,1
1832,916,56,10,2
1833,917,122,6,5
1834,917,61,8,6
1835,918,113,4,4
1836,918,124,10,8
1837,919,56,10,2
1838,919,122,4,6
1839,920,119,12,1
1840,920,54,6,5
1841,921,100,13,3
1842,921,63,4,7
1843,922,100,11,3
1844,922,61,4,9
1845,923,56,12,2
1846,923,124,6,8
1847,924,113,8,4
1848,924,117,7,10
1849,925,119,13,1
1850,925,63,1,7
1851,926,122,13,6
1852,926,117,6,10
1853,927,54,10,5
1854,927,61,4,9
1855,928,56,12,2
1856,928,113,3,4
1857,929,119,11,1
1858,929,100,6,3
1859,930,113,11,4
1860,930,122,9,6
1861,931,100,9,3
1862,931,54,6,5
1863,932,124,13,8
1864,932,117,3,10
1865,933,63,6,7
1866,933,61,10,9
1867,934,122,6,6
1868,934,124,9,8
1869,935,54,13,5
1870,935,63,5,7
1871,936,56,12,2
1872,936,117,10,10
1873,937,119,13,1
1874,937,61,4,9
1875,938,23,15,5
1876,938,11,3,8
1877,939,173,11,2
1878,939,85,8,3
1879,940,6,1,6
1880,940,2,15,7
1881,941,174,11,1
1882,941,21,7,4
1883,942,85,7,3
1884,942,23,8,5
1885,943,21,6,4
1886,943,2,13,6
1887,944,11,11,8
1888,944,6,13,7
1889,945,174,15,1
1890,945,173,4,2
1891,946,21,13,6
1892,946,85,7,5
1893,947,23,11,3
1894,947,2,12,4
1895,948,174,13,1
1896,948,6,4,6
1897,949,85,13,3
1898,949,11,6,8
1899,950,23,6,4
1900,950,173,8,7
1901,951,2,5,2
1902,951,21,6,5
1903,952,23,4,4
1904,952,21,11,5
1905,953,2,8,2
1906,953,173,10,7
1907,954,85,13,3
1908,954,6,1,6
1909,955,174,13,1
1910,955,11,1,8
1911,956,2,6,2
1912,956,23,8,4
1913,957,6,8,6
1914,957,11,5,8
1915,958,174,10,1
1916,958,85,6,3
1917,959,21,7,5
1918,959,173,8,7
1919,960,121,10,7
1920,960,120,15,2
1921,961,110,15,1
1922,961,97,5,8
1923,962,36,11,5
1924,962,102,9,4
1925,963,98,14,3
1926,963,34,15,6
1927,964,36,9,4
1928,964,120,15,2
1929,965,110,15,1
1930,965,34,5,3
1931,966,102,10,5
1932,966,121,11,7
1933,967,110,15,1
1934,967,120,0,2
1935,968,121,8,5
1936,968,98,10,6
1937,969,36,1,4
1938,969,34,4,3
1939,970,97,9,8
1940,970,102,11,7
1941,971,110,15,1
1942,971,38,0,10
1943,972,120,15,2
1944,972,116,5,9
1945,973,102,15,4
1946,973,35,5,11
1947,974,98,15,3
1948,974,44,2,12
1949,975,110,15,1
1950,975,36,7,5
1951,976,102,13,4
1952,976,97,11,8
1953,977,98,15,3
1954,977,121,7,7
1955,978,120,15,2
1956,978,34,7,6
1957,979,97,14,8
1958,979,35,8,11
1959,980,121,15,7
1960,980,44,7,12
1961,981,34,14,6
1962,981,116,11,9
1963,982,36,15,5
1964,982,38,4,10
1965,983,110,15,1
1966,983,98,7,3
1967,984,35,4,11
1968,984,34,15,6
1969,985,120,14,2
1970,985,102,11,4
1971,986,97,11,8
1972,986,116,10,9
1973,987,36,15,5
1974,987,44,4,12
1975,988,38,8,10
1976,988,121,15,7
1977,989,126,15,1
1978,989,165,3,6
1979,990,175,15,4
1980,990,132,3,5
1981,991,157,13,2
1982,991,129,9,3
1983,992,157,15,2
1984,992,132,3,5
1985,993,175,11,4
1986,993,165,2,6
1987,994,126,9,1
1988,994,129,5,3
1989,995,129,15,3
1990,995,132,4,5
1991,996,126,13,1
1992,996,175,10,4
1993,997,157,15,2
1994,997,165,2,6
1995,998,129,15,3
1996,998,165,1,6
1997,999,126,15,1
1998,999,132,3,5
1999,1000,157,13,2
2000,1000,175,8,4
2001,1001,132,7,5
2002,1001,165,13,6
2003,1002,126,8,1
2004,1002,157,10,2
2005,1003,129,15,3
2006,1003,175,9,4
2007,1004,93,10,5
2008,1004,76,8,8
2009,1005,8,5,2
2010,1005,24,12,3
2011,1006,94,15,6
2012,1006,47,3,7
2013,1007,20,15,1
2014,1007,7,11,4
2015,1008,8,15,3
2016,1008,93,4,5
2017,1009,7,12,4
2018,1009,94,9,6
2019,1010,76,15,8
2020,1010,47,6,7
2021,1011,94,15,6
2022,1011,93,5,5
2023,1012,8,11,3
2024,1012,7,9,4
2025,1013,20,13,1
2026,1013,24,9,2
2027,1014,7,15,2
2028,1014,47,1,5
2029,1015,20,15,3
2030,1015,76,4,8
2031,1016,24,14,1
2032,1016,94,8,6
2033,1017,8,12,4
2034,1017,93,8,7
2035,1018,7,15,2
2036,1018,93,8,7
2037,1019,8,15,4
2038,1019,47,2,5
2039,1020,24,15,1
2040,1020,76,3,8
2041,1021,20,15,3
2042,1021,94,5,6
2043,1022,7,8,2
2044,1022,8,14,4
2045,1023,94,14,6
2046,1023,76,8,8
2047,1024,24,7,1
2048,1024,20,14,3
2049,1025,47,9,5
2050,1025,93,15,7
2051,1026,34,14,6
2052,1026,98,15,11
2053,1027,61,3,15
2054,1027,119,15,2
2055,1028,54,5,10
2056,1028,56,15,7
2057,1029,100,11,9
2058,1029,115,15,8
2059,1030,120,15,3
2060,1030,102,4,14
2061,1031,101,15,5
2062,1031,176,12,12
2063,1032,110,15,1
2064,1032,122,4,16
2065,1033,121,3,13
2066,1033,150,15,4
2067,1034,102,11,14
2068,1034,34,12,11
2069,1035,54,13,10
2070,1035,61,14,15
2071,1036,122,7,16
2072,1036,100,15,9
2073,1037,176,15,12
2074,1037,121,6,13
2075,1038,101,12,5
2076,1038,150,9,4
2077,1039,120,15,3
2078,1039,98,9,6
2079,1040,110,15,1
2080,1040,115,6,8
2081,1041,56,12,7
2082,1041,119,13,2
2083,1042,121,11,13
2084,1042,122,15,16
2085,1043,102,15,14
2086,1043,54,12,15
2087,1044,56,15,7
2088,1044,100,5,9
2089,1045,98,8,6
2090,1045,176,15,12
2091,1046,115,15,8
2092,1046,61,5,10
2093,1047,150,15,5
2094,1047,34,8,11
2095,1048,120,6,3
2096,1048,119,15,2
2097,1049,110,15,1
2098,1049,101,4,4
2099,1050,54,15,15
2100,1050,122,10,16
2101,1051,56,15,7
2102,1051,176,13,6
2103,1052,100,15,9
2104,1052,98,13,12
2105,1053,61,10,10
2106,1053,34,15,11
2107,1054,121,14,13
2108,1054,102,15,14
2109,1055,150,14,5
2110,1055,115,15,8
2111,1056,56,15,6
2112,1056,115,13,5
2113,1057,110,15,1
2114,1057,119,10,2
2115,1058,120,7,3
2116,1058,101,15,4
2117,1059,102,15,14
2118,1059,122,8,16
2119,1060,176,13,7
2120,1060,150,14,8
2121,1061,121,13,13
2122,1061,54,15,15
2123,1062,100,13,9
2124,1062,34,9,10
2125,1063,61,1,11
2126,1063,98,15,12
2127,1064,120,10,4
2128,1064,56,15,5
2129,1065,174,12,1
2130,1065,2,9,6
2131,1066,173,13,3
2132,1066,23,11,8
2133,1067,177,6,2
2134,1067,24,15,5
2135,1068,20,11,4
2136,1068,8,12,7
2137,1069,24,12,5
2138,1069,8,9,7
2139,1070,177,5,2
2140,1070,20,15,4
2141,1071,2,13,6
2142,1071,23,14,8
2143,1072,174,15,1
2144,1072,173,10,3
2145,1073,20,13,4
2146,1073,24,15,5
2147,1074,177,8,2
2148,1074,8,15,7
2149,1075,174,15,1
2150,1075,23,8,8
2151,1076,173,10,3
2152,1076,2,13,6
2153,1077,174,15,1
2154,1077,8,4,4
2155,1078,173,15,6
2156,1078,177,8,7
2157,1079,24,15,2
2158,1079,2,8,3
2159,1080,20,15,5
2160,1080,23,5,8
2161,1081,8,10,4
2162,1081,173,15,6
2163,1082,2,11,3
2164,1082,20,15,5
2165,1083,174,14,1
2166,1083,24,9,2
2167,1084,23,15,8
2168,1084,177,9,7
2169,1085,8,9,6
2170,1085,2,15,5
2171,1086,20,11,3
2172,1086,173,15,4
2173,1087,126,15,2
2174,1087,129,11,4
2175,1088,64,15,6
2176,1088,127,4,8
2177,1089,157,10,1
2178,1089,178,15,3
2179,1090,175,12,5
2180,1090,179,13,7
2181,1091,129,15,4
2182,1091,127,5,8
2183,1092,126,15,2
2184,1092,64,6,6
2185,1093,178,15,3
2186,1093,179,6,7
2187,1094,157,15,1
2188,1094,175,8,5
2189,1095,129,14,4
2190,1095,64,13,6
2191,1096,126,15,2
2192,1096,127,4,8
2193,1097,157,15,1
2194,1097,179,12,7
2195,1098,178,15,3
2196,1098,175,7,5
2197,1099,179,13,5
2198,1099,129,11,4
2199,1100,64,8,6
2200,1100,157,15,3
2201,1101,129,15,5
2202,1101,127,9,8
2203,1102,175,11,7
2204,1102,64,12,6
2205,1103,126,8,2
2206,1103,157,12,3
2207,1104,179,3,4
2208,1104,178,15,1
2209,1105,129,10,5
2210,1105,64,11,6
2211,1106,175,15,7
2212,1106,127,7,8
2213,1107,179,0,4
2214,1107,126,15,3
2215,1108,178,15,1
2216,1108,157,7,2
2217,1109,94,15,16
2218,1109,49,4,21
2219,1110,5,15,1
2220,1110,20,9,10
2221,1111,2,4,4
2222,1111,180,15,11
2223,1112,181,15,13
2224,1112,11,3,24
2225,1113,82,5,32
2226,1113,93,14,34
2227,1114,74,14,14
2228,1114,47,6,23
2229,1115,89,11,28
2230,1115,79,15,40
2231,1116,8,15,15
2232,1116,87,2,22
2233,1117,18,11,3
2234,1117,182,15,12
2235,1118,85,15,29
2236,1118,81,5,35
2237,1119,14,4,25
2238,1119,12,14,37
2239,1120,183,11,2
2240,1120,3,13,9
2241,1121,86,15,26
2242,1121,172,3,38
2243,1122,15,15,30
2244,1122,95,9,36
2245,1123,184,15,27
2246,1123,91,8,39
2247,1124,185,14,31
2248,1124,186,8,33
2249,1125,183,8,2
2250,1125,7,10,5
2251,1126,8,9,15
2252,1126,46,15,20
2253,1127,184,15,27
2254,1127,186,10,33
2255,1128,2,10,4
2256,1128,24,14,7
2257,1129,6,14,19
2258,1129,49,8,21
2259,1130,185,15,31
2260,1130,91,5,39
2261,1131,82,6,32
2262,1131,79,13,40
2263,1132,5,15,1
2264,1132,23,8,6
2265,1133,21,11,18
2266,1133,11,12,24
2267,1134,14,10,25
2268,1134,81,7,35
2269,1135,85,13,29
2270,1135,12,5,37
2271,1136,18,13,3
2272,1136,1,6,8
2273,1137,86,14,26
2274,1137,95,7,36
2275,1138,15,15,30
2276,1138,172,4,38
2277,1139,77,15,17
2278,1139,47,9,23
2279,1140,89,10,28
2280,1140,93,11,34
2281,1141,23,14,6
2282,1141,20,9,10
2283,1142,94,11,16
2284,1142,6,5,19
2285,1143,74,15,14
2286,1143,77,8,17
2287,1144,181,15,13
2288,1144,21,10,18
2289,1145,24,11,7
2290,1145,180,14,11
2291,1146,1,10,8
2292,1146,182,15,12
2293,1147,187,4,45
2294,1147,171,13,51
2295,1148,83,11,41
2296,1148,80,12,53
2297,1149,46,15,20
2298,1149,87,9,22
2299,1150,7,11,5
2300,1150,3,12,9
2301,1151,76,11,42
2302,1151,10,5,54
2303,1152,16,8,46
2304,1152,188,14,52
2305,1153,84,6,48
2306,1153,53,13,50
2307,1154,78,11,43
2308,1154,73,4,55
2309,1155,52,15,47
2310,1155,51,7,49
2311,1156,75,5,44
2312,1156,189,15,56
2313,1157,184,10,27
2314,1157,185,11,31
2315,1158,187,3,45
2316,1158,80,15,53
2317,1159,186,12,33
2318,1159,91,6,39
2319,1160,95,11,36
2320,1160,172,8,38
2321,1161,75,7,44
2322,1161,53,13,50
2323,1162,14,3,25
2324,1162,85,15,29
2325,1163,81,5,35
2326,1163,12,15,37
2327,1164,76,14,42
2328,1164,188,6,52
2329,1165,16,9,46
2330,1165,10,8,54
2331,1166,84,6,48
2332,1166,189,14,56
2333,1167,83,15,41
2334,1167,171,3,51
2335,1168,89,13,28
2336,1168,82,9,32
2337,1169,93,13,34
2338,1169,79,10,40
2339,1170,52,11,47
2340,1170,73,7,55
2341,1171,78,10,43
2342,1171,51,8,49
2343,1172,86,12,26
2344,1172,15,10,30
2345,1173,24,13,7
2346,1173,3,12,2
2347,1174,6,8,19
2348,1174,87,12,22
2349,1175,11,13,18
2350,1175,47,10,23
2351,1176,77,7,17
2352,1176,21,12,24
2353,1177,8,15,20
2354,1177,49,6,21
2355,1178,2,11,11
2356,1178,74,9,14
2357,1179,5,14,1
2358,1179,18,9,8
2359,1180,7,10,5
2360,1180,180,13,4
2361,1181,182,15,3
2362,1181,23,11,6
2363,1182,20,14,10
2364,1182,46,12,15
2365,1183,183,12,9
2366,1183,94,8,16
2367,1184,1,15,12
2368,1184,181,11,13
2369,1185,188,14,52
2370,1185,10,5,54
2371,1186,83,15,41
2372,1186,187,3,45
2373,1187,78,10,43
2374,1187,52,15,47
2375,1188,53,9,50
2376,1188,189,14,56
2377,1189,75,9,44
2378,1189,84,15,48
2379,1190,171,6,51
2380,1190,80,15,53
2381,1191,76,14,42
2382,1191,16,10,46
2383,1192,51,10,49
2384,1192,73,9,55
2385,1193,14,6,35
2386,1193,15,15,30
2387,1194,184,14,31
2388,1194,89,8,34
2389,1195,1,11,12
2390,1195,7,14,5
2391,1196,8,5,20
2392,1196,181,15,13
2393,1197,186,5,33
2394,1197,79,8,32
2395,1198,94,8,16
2396,1198,21,10,17
2397,1199,20,13,10
2398,1199,3,10,7
2399,1200,12,8,29
2400,1200,95,9,36
2401,1201,18,7,8
2402,1201,183,10,9
2403,1202,11,7,18
2404,1202,46,10,15
2405,1203,47,9,23
2406,1203,86,8,26
2407,1204,74,12,14
2408,1204,87,5,19
2409,1205,93,10,28
2410,1205,49,7,21
2411,1206,185,10,27
2412,1206,6,7,22
2413,1207,77,8,24
2414,1207,85,12,25
2415,1208,23,4,6
2416,1208,2,15,11
2417,1209,3,10,10
2418,1209,23,4,11
2419,1210,91,3,39
2420,1210,76,11,42
2421,1211,51,8,49
2422,1211,53,10,48
2423,1212,83,15,45
2424,1212,16,7,52
2425,1213,7,9,5
2426,1213,183,8,8
2427,1214,24,10,2
2428,1214,182,13,3
2429,1215,5,13,1
2430,1215,180,6,4
2431,1216,80,11,41
2432,1216,82,10,40
2433,1217,187,9,53
2434,1217,75,8,56
2435,1218,52,11,43
2436,1218,172,2,38
2437,1219,20,13,7
2438,1219,2,12,6
2439,1220,10,7,54
2440,1220,73,8,55
2441,1221,171,6,51
2442,1221,188,8,46
2443,1222,81,10,37
2444,1222,189,14,44
2445,1223,1,11,12
2446,1223,18,8,9
2447,1224,78,8,47
2448,1224,84,10,50
2449,1225,89,15,34
2450,1225,14,3,35
2451,1226,11,10,18
2452,1226,87,9,19
2453,1227,8,7,20
2454,1227,94,12,17
2455,1228,185,12,22
2456,1228,47,7,23
2457,1229,46,8,15
2458,1229,74,14,14
2459,1230,49,9,28
2460,1230,77,10,25
2461,1231,187,6,53
2462,1231,73,7,55
2463,1232,6,6,27
2464,1232,86,10,26
2465,1233,95,4,29
2466,1233,79,15,32
2467,1234,181,12,13
2468,1234,21,7,16
2469,1235,10,8,54
2470,1235,75,7,56
2471,1236,184,12,31
2472,1236,15,6,30
2473,1237,93,12,21
2474,1237,85,13,24
2475,1238,12,5,36
2476,1238,186,12,33
2477,1239,24,11,3
2478,1239,180,15,4
2479,1240,5,15,1
2480,1240,182,8,2
2481,1241,81,4,44
2482,1241,82,14,41
2483,1242,189,11,37
2484,1242,80,6,40
2485,1243,7,15,5
2486,1243,20,7,6
2487,1244,186,7,33
2488,1244,89,8,34
2489,1245,76,12,39
2490,1245,52,13,38
2491,1246,2,6,7
2492,1246,183,9,8
2493,1247,1,13,9
2494,1247,3,11,10
2495,1248,91,15,42
2496,1248,172,9,43
2497,1249,83,12,45
2498,1249,53,9,48
2499,1250,78,8,50
2500,1250,171,10,51
2501,1251,23,6,11
2502,1251,18,10,12
2503,1252,84,3,47
2504,1252,188,12,46
2505,1253,77,8,25
2506,1253,86,10,26
2507,1254,16,6,52
2508,1254,51,8,49
2509,1255,46,10,15
2510,1255,21,12,16
2511,1256,14,5,35
2512,1256,12,15,36
2513,1257,15,13,31
2514,1257,95,2,32
2515,1258,76,10,39
2516,1258,80,9,40
2517,1259,6,11,27
2518,1259,49,13,28
2519,1260,82,8,41
2520,1260,91,11,42
2521,1261,181,12,13
2522,1261,74,15,14
2523,1262,172,3,43
2524,1262,81,14,44
2525,1263,73,11,55
2526,1263,75,8,56
2527,1264,94,11,17
2528,1264,11,8,18
2529,1265,187,11,53
2530,1265,10,9,54
2531,1266,87,6,19
2532,1266,8,11,20
2533,1267,47,9,23
2534,1267,93,7,24
2535,1268,79,7,29
2536,1268,184,10,30
2537,1269,85,10,21
2538,1269,185,11,22
2539,1270,189,8,37
2540,1270,52,11,38
2541,1271,84,0,47
2542,1271,53,1,48
2543,1272,51,5,49
2544,1272,171,15,50
2545,1273,83,14,45
2546,1273,188,10,46
2547,1274,78,15,51
2548,1274,16,0,52
