id,tournament_event_id,round,starts_at
1,1,pool,2019-04-27 10:00:00+01
2,1,pool,2019-04-27 10:00:00+01
3,1,pool,2019-04-27 10:00:00+01
4,1,pool,2019-04-27 10:00:00+01
5,1,pool,2019-04-27 10:30:00+01
6,1,pool,2019-04-27 10:30:00+01
7,1,pool,2019-04-27 11:30:00+01
8,1,pool,2019-04-27 11:30:00+01
9,1,pool,2019-04-27 11:30:00+01
10,1,pool,2019-04-27 11:30:00+01
11,1,pool,2019-04-27 11:30:00+01
12,1,pool,2019-04-27 11:30:00+01
13,1,pool,2019-04-27 11:50:00+01
14,1,pool,2019-04-27 11:50:00+01
15,1,pool,2019-04-27 13:00:00+01
16,1,pool,2019-04-27 13:00:00+01
17,1,pool,2019-04-27 13:00:00+01
18,1,pool,2019-04-27 13:00:00+01
19,1,pool,2019-04-27 13:10:00+01
20,1,pool,2019-04-27 14:30:00+01
21,1,pool,2019-04-27 14:30:00+01
22,1,pool,2019-04-27 14:30:00+01
23,1,pool,2019-04-27 14:30:00+01
24,1,pool,2019-04-27 14:30:00+01
25,1,pool,2019-04-27 14:30:00+01
26,1,pool,2019-04-27 14:30:00+01
27,1,pool,2019-04-27 14:30:00+01
28,1,pool,2019-04-27 15:50:00+01
29,1,pool,2019-04-27 16:00:00+01
30,1,pool,2019-04-27 16:00:00+01
31,1,pool,2019-04-27 16:00:00+01
32,1,pool,2019-04-27 16:00:00+01
33,1,pool,2019-04-27 16:00:00+01
34,1,pool,2019-04-27 16:00:00+01
35,1,pool,2019-04-27 17:10:00+01
36,1,pool,2019-04-27 17:10:00+01
37,1,pool,2019-04-27 17:30:00+01
38,1,pool,2019-04-27 17:30:00+01
39,1,pool,2019-04-27 17:30:00+01
40,1,pool,2019-04-27 17:30:00+01
41,1,pool,2019-04-28 10:00:00+01
42,1,bracket,2019-04-28 10:00:00+01
43,1,bracket,2019-04-28 10:00:00+01
44,1,bracket,2019-04-28 10:00:00+01
45,1,pool,2019-04-28 10:00:00+01
46,1,bracket,2019-04-28 10:00:00+01
47,1,bracket,2019-04-28 11:30:00+01
48,1,bracket,2019-04-28 11:30:00+01
49,1,bracket,2019-04-28 11:30:00+01
50,1,bracket,2019-04-28 11:30:00+01
51,1,bracket,2019-04-28 11:30:00+01
52,1,bracket,2019-04-28 11:30:00+01
53,1,bracket,2019-04-28 11:30:00+01
54,1,bracket,2019-04-28 11:30:00+01
55,1,pool,2019-04-28 13:00:00+01
56,1,bracket,2019-04-28 13:00:00+01
57,1,pool,2019-04-28 13:00:00+01
58,1,bracket,2019-04-28 13:00:00+01
59,1,bracket,2019-04-28 13:00:00+01
60,1,bracket,2019-04-28 13:00:00+01
61,1,pool,2019-04-28 14:30:00+01
62,1,bracket,2019-04-28 14:30:00+01
63,1,bracket,2019-04-28 14:30:00+01
64,1,pool,2019-04-28 14:30:00+01
65,1,bracket,2019-04-28 14:30:00+01
66,1,bracket,2019-04-28 14:30:00+01
67,1,bracket,2019-04-28 14:30:00+01
68,1,bracket,2019-04-28 14:30:00+01
69,1,bracket,2019-04-28 16:00:00+01
70,1,bracket,2019-04-28 16:00:00+01
71,1,bracket,2019-04-28 16:00:00+01
72,1,bracket,2019-04-28 16:00:00+01
73,1,bracket,2019-04-28 16:00:00+01
74,1,bracket,2019-04-28 16:00:00+01
75,2,pool,2019-05-18 10:00:00+01
76,2,pool,2019-05-18 10:00:00+01
77,2,pool,2019-05-18 10:00:00+01
78,2,pool,2019-05-18 11:20:00+01
79,2,pool,2019-05-18 11:20:00+01
80,2,pool,2019-05-18 11:20:00+01
81,2,pool,2019-05-18 11:20:00+01
82,2,pool,2019-05-18 12:40:00+01
83,2,pool,2019-05-18 12:40:00+01
84,2,pool,2019-05-18 14:00:00+01
85,2,pool,2019-05-18 14:00:00+01
86,2,pool,2019-05-18 14:00:00+01
87,2,pool,2019-05-18 15:20:00+01
88,2,pool,2019-05-18 15:20:00+01
89,2,pool,2019-05-18 15:20:00+01
90,2,pool,2019-05-18 15:20:00+01
91,2,pool,2019-05-18 16:40:00+01
92,2,pool,2019-05-18 16:40:00+01
93,2,pool,2019-05-18 16:40:00+01
94,2,pool,2019-05-18 16:40:00+01
95,2,pool,2019-05-19 10:00:00+01
96,2,pool,2019-05-19 10:00:00+01
97,2,pool,2019-05-19 10:00:00+01
98,2,pool,2019-05-19 10:00:00+01
99,2,pool,2019-05-19 11:20:00+01
100,2,bracket,2019-05-19 12:40:00+01
101,2,bracket,2019-05-19 12:40:00+01
102,2,pool,2019-05-19 14:00:00+01
103,2,bracket,2019-05-19 14:00:00+01
104,2,bracket,2019-05-19 14:00:00+01
105,2,bracket,2019-05-19 15:20:00+01
106,2,bracket,2019-05-19 15:20:00+01
107,2,pool,2019-05-19 15:20:00+01
108,2,bracket,2019-05-19 15:20:00+01
109,2,bracket,2019-05-19 16:40:00+01
110,3,pool,2019-07-13 10:00:00+01
111,3,pool,2019-07-13 10:00:00+01
112,3,pool,2019-07-13 10:00:00+01
113,3,pool,2019-07-13 10:00:00+01
114,3,pool,2019-07-13 11:30:00+01
115,3,pool,2019-07-13 11:30:00+01
116,3,pool,2019-07-13 11:30:00+01
117,3,pool,2019-07-13 11:30:00+01
118,3,pool,2019-07-13 13:00:00+01
119,3,pool,2019-07-13 13:00:00+01
120,3,pool,2019-07-13 13:00:00+01
121,3,pool,2019-07-13 13:00:00+01
122,3,bracket,2019-07-13 16:00:00+01
123,3,bracket,2019-07-13 16:00:00+01
124,3,bracket,2019-07-13 16:00:00+01
125,3,bracket,2019-07-13 16:00:00+01
126,3,bracket,2019-07-13 16:00:00+01
127,3,bracket,2019-07-13 16:00:00+01
128,3,bracket,2019-07-14 10:00:00+01
129,3,bracket,2019-07-14 10:00:00+01
130,3,bracket,2019-07-14 10:00:00+01
131,3,bracket,2019-07-14 10:00:00+01
132,3,pool,2019-07-14 11:30:00+01
133,3,pool,2019-07-14 11:30:00+01
134,3,bracket,2019-07-14 11:30:00+01
135,3,bracket,2019-07-14 11:30:00+01
136,3,pool,2019-07-14 13:00:00+01
137,3,bracket,2019-07-14 13:00:00+01
138,3,pool,2019-07-14 13:00:00+01
139,3,bracket,2019-07-14 13:00:00+01
140,3,bracket,2019-07-14 14:30:00+01
141,3,bracket,2019-07-14 14:30:00+01
142,3,bracket,2019-07-14 16:00:00+01
143,3,bracket,2019-07-14 16:00:00+01
144,3,pool,2019-07-14 16:00:00+01
145,3,pool,2019-07-14 16:00:00+01
146,4,pool,2019-07-20 10:30:00+01
147,4,pool,2019-07-20 10:30:00+01
148,4,pool,2019-07-20 11:40:00+01
149,4,pool,2019-07-20 11:40:00+01
150,4,pool,2019-07-20 11:40:00+01
151,4,pool,2019-07-20 11:40:00+01
152,4,pool,2019-07-20 11:40:00+01
153,4,pool,2019-07-20 12:50:00+01
154,4,pool,2019-07-20 12:50:00+01
155,4,pool,2019-07-20 12:50:00+01
156,4,pool,2019-07-20 12:50:00+01
157,4,pool,2019-07-20 14:00:00+01
158,4,pool,2019-07-20 14:00:00+01
159,4,pool,2019-07-20 15:10:00+01
160,4,pool,2019-07-20 15:10:00+01
161,4,pool,2019-07-20 15:10:00+01
162,4,pool,2019-07-20 15:10:00+01
163,4,pool,2019-07-20 16:20:00+01
164,4,pool,2019-07-20 16:20:00+01
165,4,pool,2019-07-20 16:20:00+01
166,4,pool,2019-07-20 16:20:00+01
167,4,pool,2019-07-20 16:20:00+01
168,4,pool,2019-07-21 10:00:00+01
169,4,pool,2019-07-21 10:00:00+01
170,4,pool,2019-07-21 10:00:00+01
171,4,bracket,2019-07-21 11:20:00+01
172,4,bracket,2019-07-21 11:20:00+01
173,4,pool,2019-07-21 13:00:00+01
174,4,bracket,2019-07-21 13:00:00+01
175,4,bracket,2019-07-21 13:00:00+01
176,4,bracket,2019-07-21 14:40:00+01
177,4,bracket,2019-07-21 14:40:00+01
178,4,pool,2019-07-21 14:40:00+01
179,4,bracket,2019-07-21 16:20:00+01
180,4,bracket,2019-07-21 16:20:00+01
181,4,pool,2019-07-21 16:20:00+01
182,5,pool,2019-06-22 10:00:00+01
183,5,pool,2019-06-22 10:00:00+01
184,5,pool,2019-06-22 10:00:00+01
185,5,pool,2019-06-22 10:00:00+01
186,5,pool,2019-06-22 11:10:00+01
187,5,pool,2019-06-22 11:10:00+01
188,5,pool,2019-06-22 12:20:00+01
189,5,pool,2019-06-22 12:20:00+01
190,5,pool,2019-06-22 12:20:00+01
191,5,pool,2019-06-22 13:30:00+01
192,5,pool,2019-06-22 13:30:00+01
193,5,pool,2019-06-22 14:40:00+01
194,5,pool,2019-06-22 14:40:00+01
195,5,pool,2019-06-22 14:40:00+01
196,5,pool,2019-06-22 15:50:00+01
197,5,pool,2019-06-22 15:50:00+01
198,5,pool,2019-06-22 17:00:00+01
199,5,pool,2019-06-22 17:00:00+01
200,5,pool,2019-06-22 17:00:00+01
201,5,pool,2019-06-22 17:00:00+01
202,5,bracket,2019-06-23 10:00:00+01
203,5,bracket,2019-06-23 10:00:00+01
204,5,bracket,2019-06-23 10:00:00+01
205,5,bracket,2019-06-23 10:00:00+01
206,5,bracket,2019-06-23 11:30:00+01
207,5,bracket,2019-06-23 11:30:00+01
208,5,bracket,2019-06-23 13:00:00+01
209,5,bracket,2019-06-23 13:00:00+01
210,5,bracket,2019-06-23 13:40:00+01
211,5,bracket,2019-06-23 13:40:00+01
212,5,bracket,2019-06-23 14:30:00+01
213,5,bracket,2019-06-23 16:00:00+01
214,5,bracket,2019-06-23 16:00:00+01
215,6,pool,2019-06-22 10:00:00+01
216,6,pool,2019-06-22 11:10:00+01
217,6,pool,2019-06-22 11:10:00+01
218,6,pool,2019-06-22 11:30:00+01
219,6,pool,2019-06-22 12:20:00+01
220,6,pool,2019-06-22 13:00:00+01
221,6,pool,2019-06-22 13:30:00+01
222,6,pool,2019-06-22 13:30:00+01
223,6,pool,2019-06-22 14:30:00+01
224,6,pool,2019-06-22 14:40:00+01
225,6,pool,2019-06-22 15:50:00+01
226,6,pool,2019-06-22 15:50:00+01
227,6,pool,2019-06-22 16:00:00+01
228,6,pool,2019-06-22 17:30:00+01
229,6,pool,2019-06-22 18:10:00+01
230,6,pool,2019-06-22 18:10:00+01
231,6,pool,2019-06-23 10:00:00+01
232,6,pool,2019-06-23 11:30:00+01
233,6,bracket,2019-06-23 11:50:00+01
234,6,bracket,2019-06-23 11:50:00+01
235,6,pool,2019-06-23 13:00:00+01
236,6,pool,2019-06-23 14:30:00+01
237,6,pool,2019-06-23 14:30:00+01
238,6,bracket,2019-06-23 15:30:00+01
239,6,bracket,2019-06-23 15:30:00+01
240,6,pool,2019-06-23 16:00:00+01
241,7,pool,2019-05-18 10:00:00+01
242,7,pool,2019-05-18 10:00:00+01
243,7,pool,2019-05-18 11:30:00+01
244,7,pool,2019-05-18 11:30:00+01
245,7,pool,2019-05-18 11:30:00+01
246,7,pool,2019-05-18 11:30:00+01
247,7,pool,2019-05-18 13:00:00+01
248,7,pool,2019-05-18 13:00:00+01
249,7,pool,2019-05-18 13:00:00+01
250,7,pool,2019-05-18 13:00:00+01
251,7,pool,2019-05-18 14:30:00+01
252,7,pool,2019-05-18 14:30:00+01
253,7,bracket,2019-05-18 16:00:00+01
254,7,bracket,2019-05-18 16:00:00+01
255,7,bracket,2019-05-18 17:30:00+01
256,7,bracket,2019-05-18 17:30:00+01
257,7,bracket,2019-05-18 17:30:00+01
258,7,bracket,2019-05-18 17:30:00+01
259,7,bracket,2019-05-19 10:00:00+01
260,7,bracket,2019-05-19 10:00:00+01
261,7,bracket,2019-05-19 10:00:00+01
262,7,bracket,2019-05-19 10:00:00+01
263,7,bracket,2019-05-19 11:30:00+01
264,7,pool,2019-05-19 11:30:00+01
265,7,bracket,2019-05-19 11:30:00+01
266,7,pool,2019-05-19 11:30:00+01
267,7,pool,2019-05-19 13:00:00+01
268,7,pool,2019-05-19 13:00:00+01
269,7,bracket,2019-05-19 13:00:00+01
270,7,bracket,2019-05-19 13:00:00+01
271,7,bracket,2019-05-19 14:30:00+01
272,7,bracket,2019-05-19 14:30:00+01
273,7,bracket,2019-05-19 16:00:00+01
274,7,bracket,2019-05-19 16:00:00+01
275,7,pool,2019-05-19 16:00:00+01
276,7,pool,2019-05-19 16:00:00+01
277,8,pool,2019-05-18 10:00:00+01
278,8,pool,2019-05-18 10:00:00+01
279,8,pool,2019-05-18 10:00:00+01
280,8,pool,2019-05-18 10:00:00+01
281,8,pool,2019-05-18 10:00:00+01
282,8,pool,2019-05-18 10:00:00+01
283,8,pool,2019-05-18 10:00:00+01
284,8,pool,2019-05-18 10:00:00+01
285,8,pool,2019-05-18 11:30:00+01
286,8,pool,2019-05-18 11:30:00+01
287,8,pool,2019-05-18 11:30:00+01
288,8,pool,2019-05-18 11:30:00+01
289,8,pool,2019-05-18 11:30:00+01
290,8,pool,2019-05-18 11:30:00+01
291,8,pool,2019-05-18 11:30:00+01
292,8,pool,2019-05-18 11:30:00+01
293,8,pool,2019-05-18 13:00:00+01
294,8,pool,2019-05-18 13:00:00+01
295,8,pool,2019-05-18 13:00:00+01
296,8,pool,2019-05-18 13:00:00+01
297,8,pool,2019-05-18 13:00:00+01
298,8,pool,2019-05-18 13:00:00+01
299,8,pool,2019-05-18 13:00:00+01
300,8,pool,2019-05-18 13:00:00+01
301,8,pool,2019-05-18 14:30:00+01
302,8,pool,2019-05-18 14:30:00+01
303,8,pool,2019-05-18 14:30:00+01
304,8,pool,2019-05-18 14:30:00+01
305,8,pool,2019-05-18 14:30:00+01
306,8,pool,2019-05-18 14:30:00+01
307,8,pool,2019-05-18 14:30:00+01
308,8,pool,2019-05-18 14:30:00+01
309,8,bracket,2019-05-18 16:00:00+01
310,8,bracket,2019-05-18 16:00:00+01
311,8,bracket,2019-05-18 16:00:00+01
312,8,bracket,2019-05-18 16:00:00+01
313,8,bracket,2019-05-18 16:00:00+01
314,8,bracket,2019-05-18 16:00:00+01
315,8,pool,2019-05-18 17:30:00+01
316,8,pool,2019-05-18 17:30:00+01
317,8,pool,2019-05-18 17:30:00+01
318,8,pool,2019-05-18 17:30:00+01
319,8,bracket,2019-05-19 10:00:00+01
320,8,bracket,2019-05-19 10:00:00+01
321,8,bracket,2019-05-19 10:00:00+01
322,8,bracket,2019-05-19 10:00:00+01
323,8,bracket,2019-05-19 10:00:00+01
324,8,bracket,2019-05-19 10:00:00+01
325,8,bracket,2019-05-19 10:00:00+01
326,8,bracket,2019-05-19 10:00:00+01
327,8,bracket,2019-05-19 11:30:00+01
328,8,bracket,2019-05-19 11:30:00+01
329,8,bracket,2019-05-19 11:30:00+01
330,8,bracket,2019-05-19 11:30:00+01
331,8,bracket,2019-05-19 11:30:00+01
332,8,bracket,2019-05-19 11:30:00+01
333,8,bracket,2019-05-19 11:30:00+01
334,8,bracket,2019-05-19 11:30:00+01
335,8,bracket,2019-05-19 13:00:00+01
336,8,bracket,2019-05-19 13:00:00+01
337,8,bracket,2019-05-19 13:00:00+01
338,8,bracket,2019-05-19 13:00:00+01
339,8,bracket,2019-05-19 13:00:00+01
340,8,bracket,2019-05-19 13:00:00+01
341,8,bracket,2019-05-19 13:00:00+01
342,8,bracket,2019-05-19 13:00:00+01
343,8,bracket,2019-05-19 14:30:00+01
344,8,bracket,2019-05-19 14:30:00+01
345,8,bracket,2019-05-19 14:30:00+01
346,8,bracket,2019-05-19 14:30:00+01
347,8,bracket,2019-05-19 14:30:00+01
348,8,bracket,2019-05-19 14:30:00+01
349,8,bracket,2019-05-19 16:00:00+01
350,8,bracket,2019-05-19 16:00:00+01
351,8,bracket,2019-05-19 16:00:00+01
352,8,bracket,2019-05-19 16:00:00+01
353,8,bracket,2019-05-19 16:00:00+01
354,8,bracket,2019-05-19 16:00:00+01
355,8,bracket,2019-05-19 16:00:00+01
356,8,bracket,2019-05-19 16:00:00+01
357,8,bracket,2019-05-19 17:30:00+01
358,8,bracket,2019-05-19 17:30:00+01
359,9,pool,2019-06-22 10:00:00+01
360,9,bracket,2019-06-22 10:00:00+01
361,9,bracket,2019-06-22 10:00:00+01
362,9,bracket,2019-06-22 10:00:00+01
363,9,bracket,2019-06-22 10:00:00+01
364,9,pool,2019-06-22 11:10:00+01
365,9,pool,2019-06-22 11:10:00+01
366,9,pool,2019-06-22 11:30:00+01
367,9,pool,2019-06-22 11:30:00+01
368,9,pool,2019-06-22 11:30:00+01
369,9,pool,2019-06-22 12:20:00+01
370,9,pool,2019-06-22 12:20:00+01
371,9,bracket,2019-06-22 13:00:00+01
372,9,pool,2019-06-22 13:00:00+01
373,9,bracket,2019-06-22 13:00:00+01
374,9,pool,2019-06-22 13:00:00+01
375,9,bracket,2019-06-22 14:30:00+01
376,9,bracket,2019-06-22 14:30:00+01
377,9,pool,2019-06-22 14:30:00+01
378,9,pool,2019-06-22 14:30:00+01
379,9,pool,2019-06-22 14:30:00+01
380,9,pool,2019-06-22 14:40:00+01
381,9,pool,2019-06-22 14:40:00+01
382,9,bracket,2019-06-22 16:00:00+01
383,9,bracket,2019-06-22 16:00:00+01
384,9,bracket,2019-06-22 16:00:00+01
385,9,bracket,2019-06-22 16:00:00+01
386,9,bracket,2019-06-22 16:00:00+01
387,9,bracket,2019-06-22 17:30:00+01
388,9,bracket,2019-06-22 17:30:00+01
389,9,bracket,2019-06-22 17:30:00+01
390,9,bracket,2019-06-22 17:30:00+01
391,9,bracket,2019-06-22 17:30:00+01
392,9,bracket,2019-06-23 10:00:00+01
393,9,bracket,2019-06-23 10:00:00+01
394,9,bracket,2019-06-23 10:00:00+01
395,9,bracket,2019-06-23 10:00:00+01
396,9,pool,2019-06-23 10:30:00+01
397,9,pool,2019-06-23 10:30:00+01
398,9,bracket,2019-06-23 11:30:00+01
399,9,bracket,2019-06-23 11:30:00+01
400,9,bracket,2019-06-23 11:30:00+01
401,9,bracket,2019-06-23 11:30:00+01
402,9,pool,2019-06-23 11:40:00+01
403,9,pool,2019-06-23 11:40:00+01
404,9,pool,2019-06-23 12:50:00+01
405,9,bracket,2019-06-23 13:00:00+01
406,9,bracket,2019-06-23 13:00:00+01
407,9,bracket,2019-06-23 13:00:00+01
408,9,bracket,2019-06-23 13:00:00+01
409,9,pool,2019-06-23 14:00:00+01
410,9,pool,2019-06-23 14:00:00+01
411,9,bracket,2019-06-23 14:30:00+01
412,9,bracket,2019-06-23 14:30:00+01
413,9,bracket,2019-06-23 14:30:00+01
414,9,bracket,2019-06-23 14:30:00+01
415,9,pool,2019-06-23 15:10:00+01
416,9,bracket,2019-06-23 16:00:00+01
417,9,bracket,2019-06-23 16:00:00+01
418,9,bracket,2019-06-23 16:00:00+01
419,9,bracket,2019-06-23 16:00:00+01
420,9,pool,2019-06-23 16:20:00+01
421,9,pool,2019-06-23 16:20:00+01
422,9,bracket,2019-06-23 17:30:00+01
423,9,bracket,2019-06-23 17:30:00+01
424,9,bracket,2019-06-23 17:30:00+01
425,9,bracket,2019-06-23 17:30:00+01
426,10,pool,2019-07-13 10:00:00+01
427,10,pool,2019-07-13 10:00:00+01
428,10,pool,2019-07-13 10:00:00+01
429,10,pool,2019-07-13 10:00:00+01
430,10,pool,2019-07-13 10:00:00+01
431,10,pool,2019-07-13 10:00:00+01
432,10,pool,2019-07-13 11:20:00+01
433,10,pool,2019-07-13 11:20:00+01
434,10,pool,2019-07-13 11:30:00+01
435,10,pool,2019-07-13 11:30:00+01
436,10,pool,2019-07-13 11:30:00+01
437,10,pool,2019-07-13 11:30:00+01
438,10,pool,2019-07-13 11:30:00+01
439,10,pool,2019-07-13 11:30:00+01
440,10,pool,2019-07-13 11:30:00+01
441,10,pool,2019-07-13 11:30:00+01
442,10,pool,2019-07-13 11:30:00+01
443,10,pool,2019-07-13 11:30:00+01
444,10,pool,2019-07-13 12:40:00+01
445,10,pool,2019-07-13 13:00:00+01
446,10,pool,2019-07-13 13:00:00+01
447,10,pool,2019-07-13 13:00:00+01
448,10,pool,2019-07-13 13:00:00+01
449,10,pool,2019-07-13 14:00:00+01
450,10,pool,2019-07-13 14:00:00+01
451,10,pool,2019-07-13 14:30:00+01
452,10,pool,2019-07-13 14:30:00+01
453,10,pool,2019-07-13 14:30:00+01
454,10,pool,2019-07-13 14:30:00+01
455,10,pool,2019-07-13 14:30:00+01
456,10,pool,2019-07-13 14:30:00+01
457,10,pool,2019-07-13 14:30:00+01
458,10,pool,2019-07-13 14:30:00+01
459,10,pool,2019-07-13 14:30:00+01
460,10,pool,2019-07-13 14:30:00+01
461,10,pool,2019-07-13 15:20:00+01
462,10,pool,2019-07-13 16:00:00+01
463,10,pool,2019-07-13 16:00:00+01
464,10,pool,2019-07-13 16:00:00+01
465,10,pool,2019-07-13 16:00:00+01
466,10,pool,2019-07-13 16:00:00+01
467,10,pool,2019-07-13 16:00:00+01
468,10,pool,2019-07-13 16:00:00+01
469,10,pool,2019-07-13 16:00:00+01
470,10,pool,2019-07-13 16:00:00+01
471,10,pool,2019-07-13 16:00:00+01
472,10,pool,2019-07-13 17:30:00+01
473,10,pool,2019-07-13 17:30:00+01
474,10,pool,2019-07-13 17:30:00+01
475,10,pool,2019-07-13 17:30:00+01
476,10,pool,2019-07-13 18:40:00+01
477,10,pool,2019-07-13 18:40:00+01
478,10,bracket,2019-07-14 10:00:00+01
479,10,bracket,2019-07-14 10:00:00+01
480,10,bracket,2019-07-14 10:00:00+01
481,10,bracket,2019-07-14 10:00:00+01
482,10,bracket,2019-07-14 10:00:00+01
483,10,bracket,2019-07-14 10:00:00+01
484,10,bracket,2019-07-14 10:00:00+01
485,10,bracket,2019-07-14 10:00:00+01
486,10,bracket,2019-07-14 11:30:00+01
487,10,bracket,2019-07-14 11:30:00+01
488,10,bracket,2019-07-14 11:30:00+01
489,10,bracket,2019-07-14 11:30:00+01
490,10,bracket,2019-07-14 11:30:00+01
491,10,bracket,2019-07-14 11:30:00+01
492,10,bracket,2019-07-14 13:00:00+01
493,10,bracket,2019-07-14 13:00:00+01
494,10,bracket,2019-07-14 13:00:00+01
495,10,bracket,2019-07-14 13:00:00+01
496,10,bracket,2019-07-14 13:00:00+01
497,10,bracket,2019-07-14 13:00:00+01
498,10,bracket,2019-07-14 14:10:00+01
499,10,bracket,2019-07-14 14:10:00+01
500,10,bracket,2019-07-14 14:30:00+01
501,10,bracket,2019-07-14 14:30:00+01
502,10,bracket,2019-07-14 14:30:00+01
503,10,bracket,2019-07-14 14:30:00+01
504,10,bracket,2019-07-14 14:30:00+01
505,10,bracket,2019-07-14 15:40:00+01
506,10,bracket,2019-07-14 15:40:00+01
507,10,bracket,2019-07-14 16:00:00+01
508,10,bracket,2019-07-14 16:00:00+01
509,10,bracket,2019-07-14 16:00:00+01
510,11,pool,2019-07-13 10:00:00+01
511,11,pool,2019-07-13 10:00:00+01
512,11,pool,2019-07-13 10:00:00+01
513,11,pool,2019-07-13 10:00:00+01
514,11,pool,2019-07-13 11:30:00+01
515,11,pool,2019-07-13 11:30:00+01
516,11,pool,2019-07-13 11:30:00+01
517,11,pool,2019-07-13 11:30:00+01
518,11,pool,2019-07-13 13:00:00+01
519,11,pool,2019-07-13 13:00:00+01
520,11,pool,2019-07-13 13:00:00+01
521,11,pool,2019-07-13 13:00:00+01
522,11,pool,2019-07-13 14:30:00+01
523,11,pool,2019-07-13 14:30:00+01
524,11,pool,2019-07-13 14:30:00+01
525,11,pool,2019-07-13 14:30:00+01
526,11,pool,2019-07-13 16:00:00+01
527,11,pool,2019-07-13 16:00:00+01
528,11,pool,2019-07-13 16:00:00+01
529,11,pool,2019-07-13 16:00:00+01
530,11,pool,2019-07-13 17:30:00+01
531,11,pool,2019-07-13 17:30:00+01
532,11,pool,2019-07-13 17:30:00+01
533,11,pool,2019-07-13 17:30:00+01
534,11,bracket,2019-07-14 10:00:00+01
535,11,bracket,2019-07-14 10:00:00+01
536,11,bracket,2019-07-14 10:00:00+01
537,11,bracket,2019-07-14 10:00:00+01
538,11,bracket,2019-07-14 11:30:00+01
539,11,bracket,2019-07-14 11:30:00+01
540,11,bracket,2019-07-14 11:30:00+01
541,11,bracket,2019-07-14 11:30:00+01
542,11,bracket,2019-07-14 11:30:00+01
543,11,bracket,2019-07-14 11:30:00+01
544,11,bracket,2019-07-14 14:10:00+01
545,11,bracket,2019-07-14 14:10:00+01
546,11,bracket,2019-07-14 14:30:00+01
547,11,bracket,2019-07-14 14:30:00+01
548,11,bracket,2019-07-14 14:30:00+01
549,11,bracket,2019-07-14 14:30:00+01
550,12,pool,2019-06-01 10:00:00+01
551,12,pool,2019-06-01 10:00:00+01
552,12,bracket,2019-06-01 10:00:00+01
553,12,bracket,2019-06-01 10:00:00+01
554,12,pool,2019-06-01 10:00:00+01
555,12,bracket,2019-06-01 10:00:00+01
556,12,bracket,2019-06-01 10:00:00+01
557,12,pool,2019-06-01 10:00:00+01
558,12,bracket,2019-06-01 10:00:00+01
559,12,pool,2019-06-01 10:00:00+01
560,12,pool,2019-06-01 10:00:00+01
561,12,pool,2019-06-01 10:00:00+01
562,12,pool,2019-06-01 10:00:00+01
563,12,bracket,2019-06-01 10:00:00+01
564,12,bracket,2019-06-01 10:30:00+01
565,12,bracket,2019-06-01 10:30:00+01
566,12,bracket,2019-06-01 10:30:00+01
567,12,bracket,2019-06-01 10:30:00+01
568,12,bracket,2019-06-01 10:30:00+01
569,12,bracket,2019-06-01 10:30:00+01
570,12,pool,2019-06-01 10:30:00+01
571,12,pool,2019-06-01 10:30:00+01
572,12,pool,2019-06-01 11:30:00+01
573,12,bracket,2019-06-01 11:30:00+01
574,12,pool,2019-06-01 11:30:00+01
575,12,pool,2019-06-01 11:30:00+01
576,12,pool,2019-06-01 11:30:00+01
577,12,pool,2019-06-01 11:30:00+01
578,12,pool,2019-06-01 11:30:00+01
579,12,pool,2019-06-01 11:30:00+01
580,12,bracket,2019-06-01 11:30:00+01
581,12,pool,2019-06-01 11:30:00+01
582,12,pool,2019-06-01 12:00:00+01
583,12,bracket,2019-06-01 12:00:00+01
584,12,bracket,2019-06-01 12:00:00+01
585,12,pool,2019-06-01 12:00:00+01
586,12,bracket,2019-06-01 13:00:00+01
587,12,pool,2019-06-01 13:00:00+01
588,12,pool,2019-06-01 13:00:00+01
589,12,pool,2019-06-01 13:00:00+01
590,12,pool,2019-06-01 13:00:00+01
591,12,pool,2019-06-01 13:00:00+01
592,12,pool,2019-06-01 13:00:00+01
593,12,bracket,2019-06-01 13:00:00+01
594,12,bracket,2019-06-01 13:00:00+01
595,12,pool,2019-06-01 13:00:00+01
596,12,pool,2019-06-01 13:00:00+01
597,12,bracket,2019-06-01 13:00:00+01
598,12,bracket,2019-06-01 13:30:00+01
599,12,bracket,2019-06-01 13:30:00+01
600,12,bracket,2019-06-01 13:30:00+01
601,12,pool,2019-06-01 13:30:00+01
602,12,pool,2019-06-01 13:30:00+01
603,12,bracket,2019-06-01 13:30:00+01
604,12,bracket,2019-06-01 14:30:00+01
605,12,bracket,2019-06-01 14:30:00+01
606,12,bracket,2019-06-01 15:00:00+01
607,12,bracket,2019-06-01 15:00:00+01
608,12,bracket,2019-06-01 16:00:00+01
609,12,bracket,2019-06-01 16:00:00+01
610,12,bracket,2019-06-01 16:00:00+01
611,12,bracket,2019-06-01 16:00:00+01
612,12,bracket,2019-06-01 16:00:00+01
613,12,bracket,2019-06-01 16:00:00+01
614,12,bracket,2019-06-01 16:00:00+01
615,12,bracket,2019-06-01 16:00:00+01
616,12,bracket,2019-06-01 16:00:00+01
617,12,bracket,2019-06-01 16:00:00+01
618,12,bracket,2019-06-01 16:00:00+01
619,12,bracket,2019-06-01 16:00:00+01
620,12,bracket,2019-06-01 16:30:00+01
621,12,bracket,2019-06-01 16:30:00+01
622,12,bracket,2019-06-01 16:30:00+01
623,12,bracket,2019-06-01 16:30:00+01
624,12,bracket,2019-06-01 16:30:00+01
625,12,bracket,2019-06-01 16:30:00+01
626,12,bracket,2019-06-01 16:30:00+01
627,12,bracket,2019-06-01 16:30:00+01
628,12,bracket,2019-06-01 16:30:00+01
629,12,bracket,2019-06-01 16:30:00+01
630,12,bracket,2019-06-01 16:30:00+01
631,12,bracket,2019-06-02 10:00:00+01
632,12,bracket,2019-06-02 10:00:00+01
633,12,bracket,2019-06-02 10:00:00+01
634,12,bracket,2019-06-02 10:00:00+01
635,12,bracket,2019-06-02 11:30:00+01
636,12,bracket,2019-06-02 11:30:00+01
637,12,bracket,2019-06-02 11:30:00+01
638,12,bracket,2019-06-02 11:30:00+01
639,12,bracket,2019-06-02 11:30:00+01
640,12,bracket,2019-06-02 11:30:00+01
641,12,bracket,2019-06-02 11:30:00+01
642,12,bracket,2019-06-02 11:30:00+01
643,12,bracket,2019-06-02 11:30:00+01
644,12,bracket,2019-06-02 11:30:00+01
645,12,bracket,2019-06-02 11:30:00+01
646,12,bracket,2019-06-02 11:30:00+01
647,12,bracket,2019-06-02 11:30:00+01
648,12,bracket,2019-06-02 11:30:00+01
649,12,bracket,2019-06-02 11:30:00+01
650,12,bracket,2019-06-02 11:30:00+01
651,12,bracket,2019-06-02 12:00:00+01
652,12,bracket,2019-06-02 12:00:00+01
653,12,bracket,2019-06-02 13:00:00+01
654,12,bracket,2019-06-02 13:00:00+01
655,12,bracket,2019-06-02 13:00:00+01
656,12,bracket,2019-06-02 13:00:00+01
657,12,bracket,2019-06-02 13:00:00+01
658,12,bracket,2019-06-02 13:00:00+01
659,12,bracket,2019-06-02 13:00:00+01
660,12,bracket,2019-06-02 13:00:00+01
661,12,bracket,2019-06-02 14:30:00+01
662,12,bracket,2019-06-02 14:30:00+01
663,12,bracket,2019-06-02 14:30:00+01
664,12,bracket,2019-06-02 14:30:00+01
665,12,bracket,2019-06-02 14:30:00+01
666,12,bracket,2019-06-02 14:30:00+01
667,12,bracket,2019-06-02 14:30:00+01
668,12,bracket,2019-06-02 14:30:00+01
669,12,bracket,2019-06-02 16:00:00+01
670,12,bracket,2019-06-02 16:00:00+01
671,12,bracket,2019-06-02 16:00:00+01
672,12,bracket,2019-06-02 16:00:00+01
673,12,bracket,2019-06-02 16:00:00+01
674,12,bracket,2019-06-02 16:00:00+01
675,12,bracket,2019-06-02 16:00:00+01
676,12,bracket,2019-06-02 16:00:00+01
677,12,bracket,2019-06-02 16:00:00+01
678,12,bracket,2019-06-02 16:00:00+01
679,12,bracket,2019-06-02 16:00:00+01
680,12,bracket,2019-06-02 16:00:00+01
681,12,bracket,2019-06-02 16:00:00+01
682,12,bracket,2019-06-02 16:00:00+01
683,12,bracket,2019-06-02 16:30:00+01
684,12,bracket,2019-06-02 16:30:00+01
685,12,bracket,2019-06-02 16:30:00+01
686,12,bracket,2019-06-02 16:30:00+01
687,12,bracket,2019-06-02 16:30:00+01
688,12,bracket,2019-06-02 16:30:00+01
689,12,bracket,2019-06-02 16:30:00+01
690,12,bracket,2019-06-02 16:30:00+01
691,12,bracket,2019-06-02 16:30:00+01
692,13,pool,2019-06-01 11:30:00+01
693,13,pool,2019-06-01 11:30:00+01
694,13,pool,2019-06-01 11:30:00+01
695,13,pool,2019-06-01 11:30:00+01
696,13,bracket,2019-06-01 12:00:00+01
697,13,bracket,2019-06-01 12:00:00+01
698,13,bracket,2019-06-01 12:00:00+01
699,13,pool,2019-06-01 12:00:00+01
700,13,bracket,2019-06-01 12:00:00+01
701,13,pool,2019-06-01 12:00:00+01
702,13,pool,2019-06-01 13:00:00+01
703,13,pool,2019-06-01 13:00:00+01
704,13,pool,2019-06-01 13:00:00+01
705,13,pool,2019-06-01 13:00:00+01
706,13,pool,2019-06-01 13:30:00+01
707,13,pool,2019-06-01 13:30:00+01
708,13,pool,2019-06-01 14:30:00+01
709,13,pool,2019-06-01 14:30:00+01
710,13,pool,2019-06-01 14:30:00+01
711,13,pool,2019-06-01 14:30:00+01
712,13,bracket,2019-06-01 15:00:00+01
713,13,bracket,2019-06-01 15:00:00+01
714,13,pool,2019-06-01 15:00:00+01
715,13,pool,2019-06-01 15:00:00+01
716,13,bracket,2019-06-01 15:00:00+01
717,13,bracket,2019-06-01 15:00:00+01
718,13,bracket,2019-06-01 17:30:00+01
719,13,bracket,2019-06-01 17:30:00+01
720,13,bracket,2019-06-01 17:30:00+01
721,13,bracket,2019-06-01 17:30:00+01
722,13,bracket,2019-06-01 17:30:00+01
723,13,bracket,2019-06-01 17:30:00+01
724,13,bracket,2019-06-01 17:30:00+01
725,13,bracket,2019-06-01 17:30:00+01
726,13,bracket,2019-06-01 17:30:00+01
727,13,bracket,2019-06-01 18:00:00+01
728,13,bracket,2019-06-01 18:00:00+01
729,13,bracket,2019-06-01 18:00:00+01
730,13,bracket,2019-06-01 18:00:00+01
731,13,bracket,2019-06-02 10:00:00+01
732,13,bracket,2019-06-02 10:00:00+01
733,13,bracket,2019-06-02 10:00:00+01
734,13,bracket,2019-06-02 10:00:00+01
735,13,bracket,2019-06-02 10:00:00+01
736,13,bracket,2019-06-02 10:00:00+01
737,13,bracket,2019-06-02 10:00:00+01
738,13,bracket,2019-06-02 10:00:00+01
739,13,bracket,2019-06-02 10:00:00+01
740,13,bracket,2019-06-02 10:00:00+01
741,13,bracket,2019-06-02 13:00:00+01
742,13,bracket,2019-06-02 13:00:00+01
743,13,bracket,2019-06-02 13:00:00+01
744,13,bracket,2019-06-02 13:00:00+01
745,13,bracket,2019-06-02 13:00:00+01
746,13,bracket,2019-06-02 13:00:00+01
747,13,bracket,2019-06-02 13:00:00+01
748,13,bracket,2019-06-02 13:00:00+01
749,13,bracket,2019-06-02 13:00:00+01
750,13,bracket,2019-06-02 14:00:00+01
751,13,bracket,2019-06-02 14:30:00+01
752,13,bracket,2019-06-02 14:30:00+01
753,13,bracket,2019-06-02 14:30:00+01
754,13,bracket,2019-06-02 14:30:00+01
755,13,bracket,2019-06-02 14:30:00+01
756,13,bracket,2019-06-02 14:30:00+01
757,13,bracket,2019-06-02 14:30:00+01
758,13,bracket,2019-06-02 14:30:00+01
759,13,bracket,2019-06-02 16:30:00+01
760,13,bracket,2019-06-02 16:30:00+01
761,13,bracket,2019-06-02 16:30:00+01
762,14,pool,2019-06-22 10:00:00+01
763,14,pool,2019-06-22 10:00:00+01
764,14,pool,2019-06-22 10:00:00+01
765,14,pool,2019-06-22 10:00:00+01
766,14,pool,2019-06-22 13:00:00+01
767,14,pool,2019-06-22 13:00:00+01
768,14,pool,2019-06-22 13:00:00+01
769,14,pool,2019-06-22 13:00:00+01
770,14,pool,2019-06-22 13:00:00+01
771,14,pool,2019-06-22 13:00:00+01
772,14,pool,2019-06-22 13:00:00+01
773,14,pool,2019-06-22 13:00:00+01
774,14,pool,2019-06-22 16:00:00+01
775,14,pool,2019-06-22 16:00:00+01
776,14,pool,2019-06-22 16:00:00+01
777,14,pool,2019-06-22 16:00:00+01
778,14,pool,2019-06-22 16:00:00+01
779,14,pool,2019-06-22 16:00:00+01
780,14,pool,2019-06-22 16:00:00+01
781,14,pool,2019-06-22 16:00:00+01
782,14,pool,2019-06-22 17:30:00+01
783,14,pool,2019-06-22 17:30:00+01
784,14,pool,2019-06-22 17:30:00+01
785,14,pool,2019-06-22 17:30:00+01
786,14,bracket,2019-06-23 10:00:00+01
787,14,bracket,2019-06-23 10:00:00+01
788,14,bracket,2019-06-23 10:00:00+01
789,14,bracket,2019-06-23 10:00:00+01
790,14,bracket,2019-06-23 11:30:00+01
791,14,bracket,2019-06-23 11:30:00+01
792,14,bracket,2019-06-23 11:30:00+01
793,14,bracket,2019-06-23 11:30:00+01
794,14,bracket,2019-06-23 11:30:00+01
795,14,bracket,2019-06-23 11:30:00+01
796,14,bracket,2019-06-23 13:00:00+01
797,14,bracket,2019-06-23 13:00:00+01
798,14,bracket,2019-06-23 14:30:00+01
799,14,bracket,2019-06-23 14:30:00+01
800,14,bracket,2019-06-23 14:30:00+01
801,14,bracket,2019-06-23 14:30:00+01
802,14,bracket,2019-06-23 14:30:00+01
803,14,bracket,2019-06-23 14:30:00+01
804,14,bracket,2019-06-23 16:00:00+01
805,14,bracket,2019-06-23 16:00:00+01
806,14,bracket,2019-06-23 16:00:00+01
807,14,bracket,2019-06-23 16:00:00+01
808,14,bracket,2019-06-23 16:00:00+01
809,14,bracket,2019-06-23 16:00:00+01
810,15,pool,2019-06-22 11:30:00+01
811,15,pool,2019-06-22 11:30:00+01
812,15,pool,2019-06-22 11:30:00+01
813,15,pool,2019-06-22 11:30:00+01
814,15,pool,2019-06-22 11:30:00+01
815,15,pool,2019-06-22 11:30:00+01
816,15,pool,2019-06-22 11:30:00+01
817,15,pool,2019-06-22 13:00:00+01
818,15,pool,2019-06-22 14:30:00+01
819,15,pool,2019-06-22 14:30:00+01
820,15,pool,2019-06-22 14:30:00+01
821,15,pool,2019-06-22 14:30:00+01
822,15,pool,2019-06-22 14:30:00+01
823,15,pool,2019-06-22 14:30:00+01
824,15,pool,2019-06-22 14:30:00+01
825,15,pool,2019-06-22 17:30:00+01
826,15,pool,2019-06-22 17:30:00+01
827,15,pool,2019-06-22 17:30:00+01
828,15,pool,2019-06-22 17:30:00+01
829,15,pool,2019-06-22 17:30:00+01
830,15,pool,2019-06-22 17:30:00+01
831,15,bracket,2019-06-23 10:00:00+01
832,15,bracket,2019-06-23 10:00:00+01
833,15,bracket,2019-06-23 10:00:00+01
834,15,bracket,2019-06-23 10:00:00+01
835,15,bracket,2019-06-23 11:30:00+01
836,15,bracket,2019-06-23 11:30:00+01
837,15,bracket,2019-06-23 13:00:00+01
838,15,bracket,2019-06-23 13:00:00+01
839,15,bracket,2019-06-23 13:00:00+01
840,15,bracket,2019-06-23 13:00:00+01
841,15,bracket,2019-06-23 14:30:00+01
842,15,bracket,2019-06-23 14:30:00+01
843,15,bracket,2019-06-23 14:30:00+01
844,15,bracket,2019-06-23 16:00:00+01
845,15,bracket,2019-06-23 16:00:00+01
846,15,bracket,2019-06-23 16:00:00+01
847,16,pool,2019-04-27 10:00:00+01
848,16,pool,2019-04-27 10:00:00+01
849,16,pool,2019-04-27 10:00:00+01
850,16,pool,2019-04-27 10:00:00+01
851,16,pool,2019-04-27 10:00:00+01
852,16,pool,2019-04-27 11:30:00+01
853,16,pool,2019-04-27 11:30:00+01
854,16,pool,2019-04-27 11:30:00+01
855,16,pool,2019-04-27 11:30:00+01
856,16,pool,2019-04-27 11:30:00+01
857,16,pool,2019-04-27 13:00:00+01
858,16,pool,2019-04-27 13:00:00+01
859,16,pool,2019-04-27 13:00:00+01
860,16,pool,2019-04-27 13:00:00+01
861,16,pool,2019-04-27 13:00:00+01
862,16,pool,2019-04-27 14:30:00+01
863,16,pool,2019-04-27 14:30:00+01
864,16,pool,2019-04-27 14:30:00+01
865,16,pool,2019-04-27 14:30:00+01
866,16,pool,2019-04-27 14:30:00+01
867,16,pool,2019-04-27 16:00:00+01
868,16,pool,2019-04-27 16:00:00+01
869,16,bracket,2019-04-27 16:00:00+01
870,16,bracket,2019-04-27 16:00:00+01
871,16,bracket,2019-04-27 16:00:00+01
872,16,bracket,2019-04-27 17:30:00+01
873,16,pool,2019-04-27 17:30:00+01
874,16,bracket,2019-04-27 17:30:00+01
875,16,pool,2019-04-27 17:30:00+01
876,16,bracket,2019-04-27 17:30:00+01
877,16,bracket,2019-04-28 10:00:00+01
878,16,bracket,2019-04-28 10:00:00+01
879,16,bracket,2019-04-28 10:00:00+01
880,16,bracket,2019-04-28 10:00:00+01
881,16,bracket,2019-04-28 10:00:00+01
882,16,bracket,2019-04-28 11:30:00+01
883,16,bracket,2019-04-28 11:30:00+01
884,16,bracket,2019-04-28 11:30:00+01
885,16,bracket,2019-04-28 11:30:00+01
886,16,bracket,2019-04-28 11:30:00+01
887,16,bracket,2019-04-28 13:00:00+01
888,16,bracket,2019-04-28 13:00:00+01
889,16,bracket,2019-04-28 13:00:00+01
890,16,bracket,2019-04-28 13:00:00+01
891,16,bracket,2019-04-28 13:00:00+01
892,16,bracket,2019-04-28 14:30:00+01
893,16,bracket,2019-04-28 14:30:00+01
894,16,bracket,2019-04-28 14:30:00+01
895,16,bracket,2019-04-28 15:40:00+01
896,16,bracket,2019-04-28 15:40:00+01
897,16,bracket,2019-04-28 16:00:00+01
898,16,bracket,2019-04-28 16:00:00+01
899,16,bracket,2019-04-28 16:00:00+01
900,16,bracket,2019-04-28 17:30:00+01
901,16,bracket,2019-04-28 17:30:00+01
902,16,bracket,2019-04-28 17:30:00+01
903,16,bracket,2019-04-28 17:30:00+01
904,16,bracket,2019-04-28 17:30:00+01
905,17,bracket,2019-08-04 10:00:00+01
906,17,bracket,2019-08-04 10:00:00+01
907,17,bracket,2019-08-04 10:00:00+01
908,17,bracket,2019-08-04 10:00:00+01
909,17,bracket,2019-08-04 13:00:00+01
910,17,bracket,2019-08-04 13:00:00+01
911,17,bracket,2019-08-04 13:00:00+01
912,17,bracket,2019-08-04 13:00:00+01
913,17,bracket,2019-08-04 14:30:00+01
914,17,bracket,2019-08-04 14:30:00+01
915,17,bracket,2019-08-04 16:00:00+01
916,17,bracket,2019-08-04 16:00:00+01
917,17,bracket,2019-08-04 17:30:00+01
918,17,pool,2019-08-03 10:00:00+01
919,17,pool,2019-08-03 10:00:00+01
920,17,pool,2019-08-03 10:00:00+01
921,17,pool,2019-08-03 10:00:00+01
922,17,pool,2019-08-03 11:10:00+01
923,17,pool,2019-08-03 11:10:00+01
924,17,pool,2019-08-03 11:10:00+01
925,17,pool,2019-08-03 11:10:00+01
926,17,pool,2019-08-03 12:20:00+01
927,17,pool,2019-08-03 12:20:00+01
928,17,pool,2019-08-03 13:30:00+01
929,17,pool,2019-08-03 13:30:00+01
930,17,pool,2019-08-03 14:40:00+01
931,17,pool,2019-08-03 14:40:00+01
932,17,pool,2019-08-03 15:50:00+01
933,17,pool,2019-08-03 15:50:00+01
934,17,pool,2019-08-03 17:00:00+01
935,17,pool,2019-08-03 17:00:00+01
936,17,pool,2019-08-03 17:00:00+01
937,17,pool,2019-08-03 17:00:00+01
938,18,bracket,2019-08-04 11:30:00+01
939,18,bracket,2019-08-04 11:30:00+01
940,18,bracket,2019-08-04 11:30:00+01
941,18,bracket,2019-08-04 11:30:00+01
942,18,bracket,2019-08-04 14:30:00+01
943,18,bracket,2019-08-04 14:30:00+01
944,18,bracket,2019-08-04 16:00:00+01
945,18,bracket,2019-08-04 16:00:00+01
946,18,bracket,2019-08-04 17:30:00+01
947,18,bracket,2019-08-04 17:30:00+01
948,18,pool,2019-08-03 12:20:00+01
949,18,pool,2019-08-03 12:20:00+01
950,18,pool,2019-08-03 13:30:00+01
951,18,pool,2019-08-03 13:30:00+01
952,18,pool,2019-08-03 14:40:00+01
953,18,pool,2019-08-03 14:40:00+01
954,18,pool,2019-08-03 15:50:00+01
955,18,pool,2019-08-03 15:50:00+01
956,18,pool,2019-08-03 18:10:00+01
957,18,pool,2019-08-03 18:10:00+01
958,18,pool,2019-08-03 18:10:00+01
959,18,pool,2019-08-03 18:10:00+01
960,19,bracket,2019-08-04 10:00:00+01
961,19,bracket,2019-08-04 10:00:00+01
962,19,bracket,2019-08-04 10:00:00+01
963,19,bracket,2019-08-04 10:00:00+01
964,19,bracket,2019-08-04 13:00:00+01
965,19,bracket,2019-08-04 13:00:00+01
966,19,bracket,2019-08-04 13:00:00+01
967,19,bracket,2019-08-04 14:30:00+01
968,19,bracket,2019-08-04 14:30:00+01
969,19,bracket,2019-08-04 14:30:00+01
970,19,bracket,2019-08-04 14:30:00+01
971,19,pool,2019-08-03 10:00:00+01
972,19,pool,2019-08-03 10:00:00+01
973,19,pool,2019-08-03 10:00:00+01
974,19,pool,2019-08-03 10:00:00+01
975,19,pool,2019-08-03 11:30:00+01
976,19,pool,2019-08-03 11:30:00+01
977,19,pool,2019-08-03 11:30:00+01
978,19,pool,2019-08-03 11:30:00+01
979,19,pool,2019-08-03 13:00:00+01
980,19,pool,2019-08-03 13:00:00+01
981,19,pool,2019-08-03 13:00:00+01
982,19,pool,2019-08-03 13:00:00+01
983,19,bracket,2019-08-03 16:00:00+01
984,19,bracket,2019-08-03 16:00:00+01
985,19,bracket,2019-08-03 16:00:00+01
986,19,bracket,2019-08-03 16:00:00+01
987,19,bracket,2019-08-03 16:00:00+01
988,19,bracket,2019-08-03 16:00:00+01
989,20,pool,2019-08-04 10:00:00+01
990,20,pool,2019-08-04 10:00:00+01
991,20,pool,2019-08-04 10:00:00+01
992,20,pool,2019-08-04 13:00:00+01
993,20,pool,2019-08-04 13:00:00+01
994,20,pool,2019-08-04 13:00:00+01
995,20,pool,2019-08-03 11:30:00+01
996,20,pool,2019-08-03 11:30:00+01
997,20,pool,2019-08-03 11:30:00+01
998,20,pool,2019-08-03 13:00:00+01
999,20,pool,2019-08-03 13:00:00+01
1000,20,pool,2019-08-03 13:00:00+01
1001,20,pool,2019-08-03 16:00:00+01
1002,20,pool,2019-08-03 16:00:00+01
1003,20,pool,2019-08-03 16:00:00+01
1004,21,bracket,2019-08-04 11:30:00+01
1005,21,bracket,2019-08-04 11:30:00+01
1006,21,bracket,2019-08-04 11:30:00+01
1007,21,bracket,2019-08-04 11:30:00+01
1008,21,bracket,2019-08-04 13:00:00+01
1009,21,bracket,2019-08-04 13:00:00+01
1010,21,bracket,2019-08-04 16:00:00+01
1011,21,bracket,2019-08-04 16:00:00+01
1012,21,bracket,2019-08-04 16:00:00+01
1013,21,bracket,2019-08-04 16:00:00+01
1014,21,pool,2019-08-03 10:00:00+01
1015,21,pool,2019-08-03 10:00:00+01
1016,21,pool,2019-08-03 10:00:00+01
1017,21,pool,2019-08-03 10:00:00+01
1018,21,pool,2019-08-03 11:30:00+01
1019,21,pool,2019-08-03 11:30:00+01
1020,21,pool,2019-08-03 13:00:00+01
1021,21,pool,2019-08-03 13:00:00+01
1022,21,pool,2019-08-03 14:30:00+01
1023,21,pool,2019-08-03 14:30:00+01
1024,21,pool,2019-08-03 14:30:00+01
1025,21,pool,2019-08-03 14:30:00+01
1026,22,bracket,2019-08-24 10:00:00+01
1027,22,bracket,2019-08-24 10:00:00+01
1028,22,bracket,2019-08-24 10:00:00+01
1029,22,bracket,2019-08-24 10:00:00+01
1030,22,bracket,2019-08-24 10:00:00+01
1031,22,bracket,2019-08-24 10:00:00+01
1032,22,bracket,2019-08-24 10:00:00+01
1033,22,bracket,2019-08-24 10:00:00+01
1034,22,bracket,2019-08-24 13:40:00+01
1035,22,bracket,2019-08-24 13:40:00+01
1036,22,bracket,2019-08-24 13:40:00+01
1037,22,bracket,2019-08-24 13:40:00+01
1038,22,bracket,2019-08-24 14:00:00+01
1039,22,bracket,2019-08-24 14:00:00+01
1040,22,bracket,2019-08-24 14:00:00+01
1041,22,bracket,2019-08-24 14:00:00+01
1042,22,pool,2019-08-24 15:30:00+01
1043,22,pool,2019-08-24 15:30:00+01
1044,22,bracket,2019-08-24 17:30:00+01
1045,22,bracket,2019-08-24 17:30:00+01
1046,22,bracket,2019-08-24 17:30:00+01
1047,22,bracket,2019-08-24 17:30:00+01
1048,22,bracket,2019-08-24 18:30:00+01
1049,22,bracket,2019-08-24 18:30:00+01
1050,22,pool,2019-08-25 09:45:00+01
1051,22,bracket,2019-08-25 09:45:00+01
1052,22,bracket,2019-08-25 09:45:00+01
1053,22,bracket,2019-08-25 09:45:00+01
1054,22,pool,2019-08-25 09:45:00+01
1055,22,bracket,2019-08-25 09:45:00+01
1056,22,bracket,2019-08-25 12:00:00+01
1057,22,bracket,2019-08-25 12:00:00+01
1058,22,bracket,2019-08-25 12:00:00+01
1059,22,pool,2019-08-25 13:40:00+01
1060,22,bracket,2019-08-25 13:40:00+01
1061,22,pool,2019-08-25 13:40:00+01
1062,22,bracket,2019-08-25 13:40:00+01
1063,22,bracket,2019-08-25 13:40:00+01
1064,22,bracket,2019-08-25 15:30:00+01
1065,23,pool,2019-08-24 11:50:00+01
1066,23,pool,2019-08-24 11:50:00+01
1067,23,pool,2019-08-24 11:50:00+01
1068,23,pool,2019-08-24 11:50:00+01
1069,23,pool,2019-08-24 14:00:00+01
1070,23,pool,2019-08-24 14:00:00+01
1071,23,pool,2019-08-24 15:30:00+01
1072,23,pool,2019-08-24 15:30:00+01
1073,23,pool,2019-08-24 17:30:00+01
1074,23,pool,2019-08-24 17:30:00+01
1075,23,pool,2019-08-24 18:30:00+01
1076,23,pool,2019-08-24 18:30:00+01
1077,23,bracket,2019-08-25 09:45:00+01
1078,23,bracket,2019-08-25 09:45:00+01
1079,23,bracket,2019-08-25 09:45:00+01
1080,23,bracket,2019-08-25 09:45:00+01
1081,23,bracket,2019-08-25 12:00:00+01
1082,23,bracket,2019-08-25 12:00:00+01
1083,23,bracket,2019-08-25 14:00:00+01
1084,23,bracket,2019-08-25 15:30:00+01
1085,23,bracket,2019-08-25 15:30:00+01
1086,23,bracket,2019-08-25 15:30:00+01
1087,24,pool,2019-08-24 10:00:00+01
1088,24,pool,2019-08-24 10:00:00+01
1089,24,pool,2019-08-24 11:50:00+01
1090,24,pool,2019-08-24 11:50:00+01
1091,24,pool,2019-08-24 11:50:00+01
1092,24,pool,2019-08-24 11:50:00+01
1093,24,pool,2019-08-24 14:00:00+01
1094,24,pool,2019-08-24 14:00:00+01
1095,24,pool,2019-08-24 16:15:00+01
1096,24,pool,2019-08-24 16:15:00+01
1097,24,pool,2019-08-24 17:30:00+01
1098,24,pool,2019-08-24 17:30:00+01
1099,24,bracket,2019-08-25 09:45:00+01
1100,24,bracket,2019-08-25 09:45:00+01
1101,24,bracket,2019-08-25 13:40:00+01
1102,24,bracket,2019-08-25 13:40:00+01
1103,24,bracket,2019-08-25 14:00:00+01
1104,24,bracket,2019-08-25 14:00:00+01
1105,24,bracket,2019-08-25 15:30:00+01
1106,24,bracket,2019-08-25 15:30:00+01
1107,24,bracket,2019-08-25 16:00:00+01
1108,24,bracket,2019-08-25 17:00:00+01
1109,25,pool,2019-03-30 09:00:00+00
1110,25,pool,2019-03-30 09:00:00+00
1111,25,pool,2019-03-30 09:00:00+00
1112,25,pool,2019-03-30 09:00:00+00
1113,25,pool,2019-03-30 09:00:00+00
1114,25,pool,2019-03-30 09:00:00+00
1115,25,pool,2019-03-30 09:00:00+00
1116,25,pool,2019-03-30 09:00:00+00
1117,25,pool,2019-03-30 09:00:00+00
1118,25,pool,2019-03-30 09:00:00+00
1119,25,pool,2019-03-30 09:00:00+00
1120,25,pool,2019-03-30 09:00:00+00
1121,25,pool,2019-03-30 09:00:00+00
1122,25,pool,2019-03-30 09:00:00+00
1123,25,pool,2019-03-30 09:00:00+00
1124,25,pool,2019-03-30 09:00:00+00
1125,25,pool,2019-03-30 10:30:00+00
1126,25,pool,2019-03-30 10:30:00+00
1127,25,pool,2019-03-30 10:30:00+00
1128,25,pool,2019-03-30 10:30:00+00
1129,25,pool,2019-03-30 10:30:00+00
1130,25,pool,2019-03-30 10:30:00+00
1131,25,pool,2019-03-30 10:30:00+00
1132,25,pool,2019-03-30 10:30:00+00
1133,25,pool,2019-03-30 10:30:00+00
1134,25,pool,2019-03-30 10:30:00+00
1135,25,pool,2019-03-30 10:30:00+00
1136,25,pool,2019-03-30 10:30:00+00
1137,25,pool,2019-03-30 10:30:00+00
1138,25,pool,2019-03-30 10:30:00+00
1139,25,pool,2019-03-30 10:30:00+00
1140,25,pool,2019-03-30 10:30:00+00
1141,25,pool,2019-03-30 12:00:00+00
1142,25,pool,2019-03-30 12:00:00+00
1143,25,pool,2019-03-30 12:00:00+00
1144,25,pool,2019-03-30 12:00:00+00
1145,25,pool,2019-03-30 12:00:00+00
1146,25,pool,2019-03-30 12:00:00+00
1147,25,pool,2019-03-30 12:00:00+00
1148,25,pool,2019-03-30 12:00:00+00
1149,25,pool,2019-03-30 12:00:00+00
1150,25,pool,2019-03-30 12:00:00+00
1151,25,pool,2019-03-30 12:00:00+00
1152,25,pool,2019-03-30 12:00:00+00
1153,25,pool,2019-03-30 12:00:00+00
1154,25,pool,2019-03-30 12:00:00+00
1155,25,pool,2019-03-30 12:00:00+00
1156,25,pool,2019-03-30 12:00:00+00
1157,25,pool,2019-03-30 13:30:00+00
1158,25,pool,2019-03-30 13:30:00+00
1159,25,pool,2019-03-30 13:30:00+00
1160,25,pool,2019-03-30 13:30:00+00
1161,25,pool,2019-03-30 13:30:00+00
1162,25,pool,2019-03-30 13:30:00+00
1163,25,pool,2019-03-30 13:30:00+00
1164,25,pool,2019-03-30 13:30:00+00
1165,25,pool,2019-03-30 13:30:00+00
1166,25,pool,2019-03-30 13:30:00+00
1167,25,pool,2019-03-30 13:30:00+00
1168,25,pool,2019-03-30 13:30:00+00
1169,25,pool,2019-03-30 13:30:00+00
1170,25,pool,2019-03-30 13:30:00+00
1171,25,pool,2019-03-30 13:30:00+00
1172,25,pool,2019-03-30 13:30:00+00
1173,25,bracket,2019-03-30 15:00:00+00
1174,25,bracket,2019-03-30 15:00:00+00
1175,25,bracket,2019-03-30 15:00:00+00
1176,25,bracket,2019-03-30 15:00:00+00
1177,25,bracket,2019-03-30 15:00:00+00
1178,25,bracket,2019-03-30 15:00:00+00
1179,25,bracket,2019-03-30 15:00:00+00
1180,25,bracket,2019-03-30 15:00:00+00
1181,25,bracket,2019-03-30 15:00:00+00
1182,25,bracket,2019-03-30 15:00:00+00
1183,25,bracket,2019-03-30 15:00:00+00
1184,25,bracket,2019-03-30 15:00:00+00
1185,25,pool,2019-03-30 16:30:00+00
1186,25,pool,2019-03-30 16:30:00+00
1187,25,pool,2019-03-30 16:30:00+00
1188,25,pool,2019-03-30 16:30:00+00
1189,25,pool,2019-03-30 16:30:00+00
1190,25,pool,2019-03-30 16:30:00+00
1191,25,pool,2019-03-30 16:30:00+00
1192,25,pool,2019-03-30 16:30:00+00
1193,25,bracket,2019-03-31 10:00:00+01
1194,25,bracket,2019-03-31 10:00:00+01
1195,25,bracket,2019-03-31 10:00:00+01
1196,25,bracket,2019-03-31 10:00:00+01
1197,25,bracket,2019-03-31 10:00:00+01
1198,25,bracket,2019-03-31 10:00:00+01
1199,25,bracket,2019-03-31 10:00:00+01
1200,25,bracket,2019-03-31 10:00:00+01
1201,25,bracket,2019-03-31 10:00:00+01
1202,25,bracket,2019-03-31 10:00:00+01
1203,25,bracket,2019-03-31 10:00:00+01
1204,25,bracket,2019-03-31 10:00:00+01
1205,25,bracket,2019-03-31 10:00:00+01
1206,25,bracket,2019-03-31 10:00:00+01
1207,25,bracket,2019-03-31 10:00:00+01
1208,25,bracket,2019-03-31 10:00:00+01
1209,25,bracket,2019-03-31 11:30:00+01
1210,25,bracket,2019-03-31 11:30:00+01
1211,25,bracket,2019-03-31 11:30:00+01
1212,25,bracket,2019-03-31 11:30:00+01
1213,25,bracket,2019-03-31 11:30:00+01
1214,25,bracket,2019-03-31 11:30:00+01
1215,25,bracket,2019-03-31 11:30:00+01
1216,25,bracket,2019-03-31 11:30:00+01
1217,25,pool,2019-03-31 11:30:00+01
1218,25,bracket,2019-03-31 11:30:00+01
1219,25,bracket,2019-03-31 11:30:00+01
1220,25,pool,2019-03-31 11:30:00+01
1221,25,bracket,2019-03-31 11:30:00+01
1222,25,bracket,2019-03-31 11:30:00+01
1223,25,bracket,2019-03-31 11:30:00+01
1224,25,bracket,2019-03-31 11:30:00+01
1225,25,bracket,2019-03-31 13:00:00+01
1226,25,bracket,2019-03-31 13:00:00+01
1227,25,bracket,2019-03-31 13:00:00+01
1228,25,bracket,2019-03-31 13:00:00+01
1229,25,bracket,2019-03-31 13:00:00+01
1230,25,bracket,2019-03-31 13:00:00+01
1231,25,pool,2019-03-31 13:00:00+01
1232,25,bracket,2019-03-31 13:00:00+01
1233,25,bracket,2019-03-31 13:00:00+01
1234,25,bracket,2019-03-31 13:00:00+01
1235,25,pool,2019-03-31 13:00:00+01
1236,25,bracket,2019-03-31 13:00:00+01
1237,25,bracket,2019-03-31 13:00:00+01
1238,25,bracket,2019-03-31 13:00:00+01
1239,25,bracket,2019-03-31 14:10:00+01
1240,25,bracket,2019-03-31 14:10:00+01
1241,25,bracket,2019-03-31 14:30:00+01
1242,25,bracket,2019-03-31 14:30:00+01
1243,25,bracket,2019-03-31 14:30:00+01
1244,25,bracket,2019-03-31 14:30:00+01
1245,25,bracket,2019-03-31 14:30:00+01
1246,25,bracket,2019-03-31 14:30:00+01
1247,25,bracket,2019-03-31 14:30:00+01
1248,25,bracket,2019-03-31 14:30:00+01
1249,25,bracket,2019-03-31 14:30:00+01
1250,25,bracket,2019-03-31 14:30:00+01
1251,25,bracket,2019-03-31 14:30:00+01
1252,25,bracket,2019-03-31 14:30:00+01
1253,25,bracket,2019-03-31 14:30:00+01
1254,25,bracket,2019-03-31 14:30:00+01
1255,25,bracket,2019-03-31 16:00:00+01
1256,25,bracket,2019-03-31 16:00:00+01
1257,25,bracket,2019-03-31 16:00:00+01
1258,25,bracket,2019-03-31 16:00:00+01
1259,25,bracket,2019-03-31 16:00:00+01
1260,25,bracket,2019-03-31 16:00:00+01
1261,25,bracket,2019-03-31 16:00:00+01
1262,25,bracket,2019-03-31 16:00:00+01
1263,25,pool,2019-03-31 16:00:00+01
1264,25,bracket,2019-03-31 16:00:00+01
1265,25,pool,2019-03-31 16:00:00+01
1266,25,bracket,2019-03-31 16:00:00+01
1267,25,bracket,2019-03-31 16:00:00+01
1268,25,bracket,2019-03-31 16:00:00+01
1269,25,bracket,2019-03-31 16:00:00+01
1270,25,bracket,2019-03-31 16:00:00+01
1271,25,bracket,2019-03-31 17:30:00+01
1272,25,bracket,2019-03-31 17:30:00+01
1273,25,bracket,2019-03-31 17:30:00+01
1274,25,bracket,2019-03-31 17:30:00+01
